run_id,date,plant_id,line_id,shift_id,product_id,planned_units,actual_units,run_hours,downtime_minutes,scrap_units
R1,2024-01-01,P1,L1,S1,PR5,787,776,7.25,45,21
R2,2024-01-01,P1,L1,S2,PR2,804,770,7.68,19,11
R3,2024-01-01,P1,L1,S3,PR4,810,770,7.43,34,30
R4,2024-01-01,P1,L2,S1,PR2,723,716,7.88,7,11
R5,2024-01-01,P1,L2,S2,PR1,674,650,7.87,8,16
R6,2024-01-01,P1,L2,S3,PR4,605,587,7.5,30,10
R7,2024-01-01,P1,L3,S1,PR4,476,459,7.18,49,9
R8,2024-01-01,P1,L3,S2,PR1,552,536,7.72,17,17
R9,2024-01-01,P1,L3,S3,PR2,501,490,7.52,29,5
R10,2024-01-01,P2,L4,S1,PR1,704,690,7.92,5,10
R11,2024-01-01,P2,L4,S2,PR3,726,714,7.77,14,16
R12,2024-01-01,P2,L4,S3,PR1,708,676,7.9,6,16
R13,2024-01-01,P2,L5,S1,PR1,681,657,7.78,13,16
R14,2024-01-01,P2,L5,S2,PR4,584,570,7.52,29,8
R15,2024-01-01,P2,L5,S3,PR2,631,602,7.67,20,9
R16,2024-01-01,P2,L6,S1,PR5,476,453,7.15,51,8
R17,2024-01-01,P2,L6,S2,PR4,454,450,7.52,29,9
R18,2024-01-01,P2,L6,S3,PR4,416,401,7.0,60,10
R19,2024-01-02,P1,L1,S1,PR3,811,773,7.55,27,30
R20,2024-01-02,P1,L1,S2,PR3,793,783,7.68,19,12
R21,2024-01-02,P1,L1,S3,PR4,805,795,7.62,23,9
R22,2024-01-02,P1,L2,S1,PR2,698,675,7.53,28,9
R23,2024-01-02,P1,L2,S2,PR5,706,682,7.88,7,8
R24,2024-01-02,P1,L2,S3,PR1,698,673,7.95,3,13
R25,2024-01-02,P1,L3,S1,PR4,574,570,7.8,12,13
R26,2024-01-02,P1,L3,S2,PR2,572,546,7.55,27,17
R27,2024-01-02,P1,L3,S3,PR2,497,491,7.33,40,12
R28,2024-01-02,P2,L4,S1,PR3,822,802,7.82,11,18
R29,2024-01-02,P2,L4,S2,PR5,744,718,7.65,21,18
R30,2024-01-02,P2,L4,S3,PR5,706,702,7.88,7,12
R31,2024-01-02,P2,L5,S1,PR3,684,657,7.55,27,8
R32,2024-01-02,P2,L5,S2,PR2,620,597,7.65,21,8
R33,2024-01-02,P2,L5,S3,PR1,635,628,7.63,22,9
R34,2024-01-02,P2,L6,S1,PR3,515,512,7.67,20,13
R35,2024-01-02,P2,L6,S2,PR5,479,460,7.57,26,10
R36,2024-01-02,P2,L6,S3,PR5,476,471,7.82,11,16
R37,2024-01-03,P1,L1,S1,PR1,758,735,7.18,49,12
R38,2024-01-03,P1,L1,S2,PR1,769,735,7.38,37,14
R39,2024-01-03,P1,L1,S3,PR1,700,683,7.1,54,21
R40,2024-01-03,P1,L2,S1,PR1,712,689,7.92,5,26
R41,2024-01-03,P1,L2,S2,PR1,594,572,7.58,25,6
R42,2024-01-03,P1,L2,S3,PR3,642,629,7.75,15,15
R43,2024-01-03,P1,L3,S1,PR1,507,485,7.28,43,11
R44,2024-01-03,P1,L3,S2,PR4,527,526,7.37,38,9
R45,2024-01-03,P1,L3,S3,PR2,552,530,7.78,13,16
R46,2024-01-03,P2,L4,S1,PR1,785,760,7.78,13,22
R47,2024-01-03,P2,L4,S2,PR5,798,761,7.98,1,26
R48,2024-01-03,P2,L4,S3,PR5,797,769,7.72,17,11
R49,2024-01-03,P2,L5,S1,PR3,641,630,7.63,22,6
R50,2024-01-03,P2,L5,S2,PR2,641,625,7.9,6,10
R51,2024-01-03,P2,L5,S3,PR3,585,575,7.93,4,12
R52,2024-01-03,P2,L6,S1,PR1,498,496,7.35,39,7
R53,2024-01-03,P2,L6,S2,PR5,450,448,7.15,51,16
R54,2024-01-03,P2,L6,S3,PR1,440,423,7.22,47,12
R55,2024-01-04,P1,L1,S1,PR4,823,803,7.7,18,13
R56,2024-01-04,P1,L1,S2,PR2,881,841,7.77,14,31
R57,2024-01-04,P1,L1,S3,PR5,721,697,7.13,52,14
R58,2024-01-04,P1,L2,S1,PR5,704,694,7.67,20,25
R59,2024-01-04,P1,L2,S2,PR4,684,671,7.67,20,8
R60,2024-01-04,P1,L2,S3,PR2,643,616,7.6,24,22
R61,2024-01-04,P1,L3,S1,PR5,548,520,7.67,20,7
R62,2024-01-04,P1,L3,S2,PR4,473,462,7.02,59,14
R63,2024-01-04,P1,L3,S3,PR4,459,452,7.45,33,7
R64,2024-01-04,P2,L4,S1,PR1,798,771,7.95,3,24
R65,2024-01-04,P2,L4,S2,PR5,786,772,7.7,18,20
R66,2024-01-04,P2,L4,S3,PR5,731,697,7.82,11,14
R67,2024-01-04,P2,L5,S1,PR1,601,600,7.58,25,13
R68,2024-01-04,P2,L5,S2,PR4,619,615,7.77,14,17
R69,2024-01-04,P2,L5,S3,PR5,628,614,7.97,2,15
R70,2024-01-04,P2,L6,S1,PR1,529,507,7.42,35,16
R71,2024-01-04,P2,L6,S2,PR4,455,453,7.35,39,17
R72,2024-01-04,P2,L6,S3,PR3,462,460,7.22,47,9
R73,2024-01-05,P1,L1,S1,PR1,759,757,7.0,60,26
R74,2024-01-05,P1,L1,S2,PR2,736,710,7.0,60,15
R75,2024-01-05,P1,L1,S3,PR5,720,690,7.43,34,18
R76,2024-01-05,P1,L2,S1,PR2,732,729,7.93,4,22
R77,2024-01-05,P1,L2,S2,PR2,657,644,7.87,8,25
R78,2024-01-05,P1,L2,S3,PR1,635,607,7.58,25,15
R79,2024-01-05,P1,L3,S1,PR4,512,504,7.13,52,15
R80,2024-01-05,P1,L3,S2,PR2,533,515,7.35,39,9
R81,2024-01-05,P1,L3,S3,PR2,506,502,7.4,36,18
R82,2024-01-05,P2,L4,S1,PR3,797,777,8.0,0,19
R83,2024-01-05,P2,L4,S2,PR4,752,740,7.53,28,25
R84,2024-01-05,P2,L4,S3,PR4,765,760,7.85,9,15
R85,2024-01-05,P2,L5,S1,PR5,614,601,7.68,19,6
R86,2024-01-05,P2,L5,S2,PR5,619,602,7.52,29,15
R87,2024-01-05,P2,L5,S3,PR5,621,590,7.57,26,6
R88,2024-01-05,P2,L6,S1,PR2,467,462,7.8,12,9
R89,2024-01-05,P2,L6,S2,PR5,495,489,7.48,31,8
R90,2024-01-05,P2,L6,S3,PR5,433,424,7.45,33,5
R91,2024-01-06,P1,L1,S1,PR2,783,765,7.4,36,22
R92,2024-01-06,P1,L1,S2,PR1,783,772,7.7,18,30
R93,2024-01-06,P1,L1,S3,PR2,677,670,7.75,15,12
R94,2024-01-06,P1,L2,S1,PR1,707,687,7.95,3,8
R95,2024-01-06,P1,L2,S2,PR2,715,693,7.9,6,10
R96,2024-01-06,P1,L2,S3,PR5,691,661,7.92,5,11
R97,2024-01-06,P1,L3,S1,PR5,574,564,7.42,35,10
R98,2024-01-06,P1,L3,S2,PR1,558,556,7.75,15,17
R99,2024-01-06,P1,L3,S3,PR1,526,510,7.03,58,8
R100,2024-01-06,P2,L4,S1,PR2,802,776,7.83,10,25
R101,2024-01-06,P2,L4,S2,PR3,764,743,7.7,18,9
R102,2024-01-06,P2,L4,S3,PR4,750,730,7.85,9,17
R103,2024-01-06,P2,L5,S1,PR1,620,601,7.53,28,17
R104,2024-01-06,P2,L5,S2,PR5,612,600,7.88,7,6
R105,2024-01-06,P2,L5,S3,PR3,654,637,7.63,22,22
R106,2024-01-06,P2,L6,S1,PR4,469,460,7.75,15,6
R107,2024-01-06,P2,L6,S2,PR1,522,496,7.83,10,13
R108,2024-01-06,P2,L6,S3,PR4,435,433,7.27,44,11
R109,2024-01-08,P1,L1,S1,PR3,815,792,7.08,55,20
R110,2024-01-08,P1,L1,S2,PR3,688,685,7.02,59,14
R111,2024-01-08,P1,L1,S3,PR4,744,709,7.35,39,13
R112,2024-01-08,P1,L2,S1,PR5,663,657,7.82,11,7
R113,2024-01-08,P1,L2,S2,PR2,670,640,7.88,7,19
R114,2024-01-08,P1,L2,S3,PR2,696,683,7.98,1,24
R115,2024-01-08,P1,L3,S1,PR1,527,508,7.17,50,7
R116,2024-01-08,P1,L3,S2,PR3,525,518,7.2,48,17
R117,2024-01-08,P1,L3,S3,PR3,518,501,7.82,11,16
R118,2024-01-08,P2,L4,S1,PR1,771,745,7.92,5,28
R119,2024-01-08,P2,L4,S2,PR1,753,743,7.88,7,24
R120,2024-01-08,P2,L4,S3,PR4,746,712,7.67,20,26
R121,2024-01-08,P2,L5,S1,PR5,700,676,7.8,12,24
R122,2024-01-08,P2,L5,S2,PR2,627,607,7.5,30,6
R123,2024-01-08,P2,L5,S3,PR1,606,604,7.55,27,16
R124,2024-01-08,P2,L6,S1,PR4,479,470,7.32,41,11
R125,2024-01-08,P2,L6,S2,PR5,442,434,7.12,53,14
R126,2024-01-08,P2,L6,S3,PR2,403,398,7.0,60,13
R127,2024-01-09,P1,L1,S1,PR5,761,725,7.22,47,19
R128,2024-01-09,P1,L1,S2,PR1,780,758,7.78,13,27
R129,2024-01-09,P1,L1,S3,PR1,692,662,7.32,41,21
R130,2024-01-09,P1,L2,S1,PR5,678,665,7.85,9,8
R131,2024-01-09,P1,L2,S2,PR2,707,674,7.93,4,23
R132,2024-01-09,P1,L2,S3,PR3,622,612,7.73,16,7
R133,2024-01-09,P1,L3,S1,PR5,481,476,7.45,33,18
R134,2024-01-09,P1,L3,S2,PR4,498,497,7.7,18,16
R135,2024-01-09,P1,L3,S3,PR3,458,452,7.22,47,12
R136,2024-01-09,P2,L4,S1,PR3,755,733,7.9,6,27
R137,2024-01-09,P2,L4,S2,PR3,760,722,7.87,8,17
R138,2024-01-09,P2,L4,S3,PR1,653,622,7.62,23,8
R139,2024-01-09,P2,L5,S1,PR5,672,663,7.9,6,18
R140,2024-01-09,P2,L5,S2,PR3,622,620,7.82,11,13
R141,2024-01-09,P2,L5,S3,PR5,621,596,7.57,26,23
R142,2024-01-09,P2,L6,S1,PR1,466,442,7.23,46,17
R143,2024-01-09,P2,L6,S2,PR2,500,476,7.48,31,12
R144,2024-01-09,P2,L6,S3,PR5,473,472,7.6,24,12
R145,2024-01-10,P1,L1,S1,PR1,855,831,7.48,31,23
R146,2024-01-10,P1,L1,S2,PR2,835,817,7.5,30,30
R147,2024-01-10,P1,L1,S3,PR5,796,767,7.07,56,11
R148,2024-01-10,P1,L2,S1,PR3,661,643,7.88,7,13
R149,2024-01-10,P1,L2,S2,PR5,673,672,8.0,0,26
R150,2024-01-10,P1,L2,S3,PR4,643,633,7.68,19,16
R151,2024-01-10,P1,L3,S1,PR1,531,522,7.17,50,7
R152,2024-01-10,P1,L3,S2,PR3,500,497,7.35,39,17
R153,2024-01-10,P1,L3,S3,PR2,447,445,7.32,41,16
R154,2024-01-10,P2,L4,S1,PR1,854,813,8.0,0,8
R155,2024-01-10,P2,L4,S2,PR1,822,821,7.97,2,11
R156,2024-01-10,P2,L4,S3,PR3,678,664,7.65,21,14
R157,2024-01-10,P2,L5,S1,PR4,639,620,7.7,18,11
R158,2024-01-10,P2,L5,S2,PR2,693,660,7.75,15,23
R159,2024-01-10,P2,L5,S3,PR3,612,604,7.77,14,23
R160,2024-01-10,P2,L6,S1,PR5,496,492,7.5,30,8
R161,2024-01-10,P2,L6,S2,PR4,446,444,7.2,48,12
R162,2024-01-10,P2,L6,S3,PR3,443,425,7.18,49,12
R163,2024-01-11,P1,L1,S1,PR4,730,697,7.58,25,21
R164,2024-01-11,P1,L1,S2,PR4,802,782,7.08,55,25
R165,2024-01-11,P1,L1,S3,PR1,812,793,7.62,23,21
R166,2024-01-11,P1,L2,S1,PR5,681,676,7.72,17,14
R167,2024-01-11,P1,L2,S2,PR2,705,694,7.73,16,11
R168,2024-01-11,P1,L2,S3,PR4,706,675,7.87,8,7
R169,2024-01-11,P1,L3,S1,PR4,573,555,7.68,19,12
R170,2024-01-11,P1,L3,S2,PR5,465,462,7.35,39,9
R171,2024-01-11,P1,L3,S3,PR4,531,514,7.33,40,14
R172,2024-01-11,P2,L4,S1,PR4,733,727,7.55,27,27
R173,2024-01-11,P2,L4,S2,PR3,693,674,7.93,4,26
R174,2024-01-11,P2,L4,S3,PR2,696,678,7.65,21,13
R175,2024-01-11,P2,L5,S1,PR5,614,585,7.93,4,8
R176,2024-01-11,P2,L5,S2,PR1,675,645,7.78,13,9
R177,2024-01-11,P2,L5,S3,PR5,624,598,7.75,15,12
R178,2024-01-11,P2,L6,S1,PR3,478,475,7.67,20,11
R179,2024-01-11,P2,L6,S2,PR5,466,447,7.48,31,5
R180,2024-01-11,P2,L6,S3,PR2,485,464,7.57,26,8
R181,2024-01-12,P1,L1,S1,PR2,801,769,7.63,22,16
R182,2024-01-12,P1,L1,S2,PR1,760,741,7.65,21,22
R183,2024-01-12,P1,L1,S3,PR5,745,740,7.82,11,27
R184,2024-01-12,P1,L2,S1,PR2,670,638,7.53,28,11
R185,2024-01-12,P1,L2,S2,PR4,717,687,7.88,7,11
R186,2024-01-12,P1,L2,S3,PR4,665,644,7.67,20,15
R187,2024-01-12,P1,L3,S1,PR1,502,488,7.82,11,15
R188,2024-01-12,P1,L3,S2,PR1,534,508,7.05,57,8
R189,2024-01-12,P1,L3,S3,PR1,524,511,7.63,22,13
R190,2024-01-12,P2,L4,S1,PR4,760,726,7.72,17,17
R191,2024-01-12,P2,L4,S2,PR3,687,661,7.82,11,14
R192,2024-01-12,P2,L4,S3,PR4,728,692,7.88,7,13
R193,2024-01-12,P2,L5,S1,PR3,620,592,7.7,18,21
R194,2024-01-12,P2,L5,S2,PR5,626,613,7.98,1,18
R195,2024-01-12,P2,L5,S3,PR2,610,582,7.75,15,15
R196,2024-01-12,P2,L6,S1,PR5,505,494,7.07,56,15
R197,2024-01-12,P2,L6,S2,PR3,446,430,7.18,49,8
R198,2024-01-12,P2,L6,S3,PR1,474,465,7.72,17,12
R199,2024-01-13,P1,L1,S1,PR1,693,661,7.13,52,9
R200,2024-01-13,P1,L1,S2,PR1,762,733,7.0,60,10
R201,2024-01-13,P1,L1,S3,PR3,691,662,7.2,48,24
R202,2024-01-13,P1,L2,S1,PR5,669,638,8.0,0,16
R203,2024-01-13,P1,L2,S2,PR2,693,662,7.77,14,14
R204,2024-01-13,P1,L2,S3,PR4,627,626,7.58,25,22
R205,2024-01-13,P1,L3,S1,PR2,501,480,7.37,38,14
R206,2024-01-13,P1,L3,S2,PR3,550,548,7.5,30,14
R207,2024-01-13,P1,L3,S3,PR2,441,435,7.4,36,6
R208,2024-01-13,P2,L4,S1,PR4,753,727,7.55,27,16
R209,2024-01-13,P2,L4,S2,PR3,674,644,7.68,19,18
R210,2024-01-13,P2,L4,S3,PR4,700,675,7.65,21,18
R211,2024-01-13,P2,L5,S1,PR3,639,624,7.68,19,7
R212,2024-01-13,P2,L5,S2,PR4,605,584,7.78,13,8
R213,2024-01-13,P2,L5,S3,PR3,646,621,7.73,16,18
R214,2024-01-13,P2,L6,S1,PR4,454,448,7.12,53,12
R215,2024-01-13,P2,L6,S2,PR2,430,416,7.58,25,15
R216,2024-01-13,P2,L6,S3,PR5,464,460,7.83,10,17
R217,2024-01-15,P1,L1,S1,PR2,763,760,7.08,55,11
R218,2024-01-15,P1,L1,S2,PR2,739,704,7.25,45,22
R219,2024-01-15,P1,L1,S3,PR4,774,740,7.27,44,25
R220,2024-01-15,P1,L2,S1,PR4,702,673,7.87,8,10
R221,2024-01-15,P1,L2,S2,PR5,695,683,7.73,16,17
R222,2024-01-15,P1,L2,S3,PR1,606,586,7.5,30,21
R223,2024-01-15,P1,L3,S1,PR2,574,557,7.63,22,11
R224,2024-01-15,P1,L3,S2,PR3,536,521,7.8,12,9
R225,2024-01-15,P1,L3,S3,PR4,520,500,7.83,10,18
R226,2024-01-15,P2,L4,S1,PR3,809,784,7.63,22,20
R227,2024-01-15,P2,L4,S2,PR5,738,705,7.53,28,26
R228,2024-01-15,P2,L4,S3,PR1,719,705,7.53,28,14
R229,2024-01-15,P2,L5,S1,PR1,661,648,7.77,14,16
R230,2024-01-15,P2,L5,S2,PR5,650,646,7.97,2,21
R231,2024-01-15,P2,L5,S3,PR2,610,587,7.97,2,18
R232,2024-01-15,P2,L6,S1,PR4,444,422,7.08,55,11
R233,2024-01-15,P2,L6,S2,PR1,501,484,7.4,36,16
R234,2024-01-15,P2,L6,S3,PR4,487,465,7.68,19,16
R235,2024-01-16,P1,L1,S1,PR1,757,749,7.28,43,10
R236,2024-01-16,P1,L1,S2,PR1,739,710,7.42,35,22
R237,2024-01-16,P1,L1,S3,PR4,777,765,7.42,35,20
R238,2024-01-16,P1,L2,S1,PR3,747,719,7.88,7,14
R239,2024-01-16,P1,L2,S2,PR2,620,603,7.85,9,23
R240,2024-01-16,P1,L2,S3,PR5,713,682,7.88,7,18
R241,2024-01-16,P1,L3,S1,PR1,625,594,7.8,12,21
R242,2024-01-16,P1,L3,S2,PR1,530,528,7.48,31,14
R243,2024-01-16,P1,L3,S3,PR1,490,482,7.18,49,7
R244,2024-01-16,P2,L4,S1,PR1,763,746,7.78,13,21
R245,2024-01-16,P2,L4,S2,PR4,842,839,7.98,1,31
R246,2024-01-16,P2,L4,S3,PR2,685,666,7.75,15,8
R247,2024-01-16,P2,L5,S1,PR2,662,648,7.9,6,14
R248,2024-01-16,P2,L5,S2,PR3,670,638,7.55,27,12
R249,2024-01-16,P2,L5,S3,PR4,573,559,7.75,15,21
R250,2024-01-16,P2,L6,S1,PR3,425,411,7.12,53,8
R251,2024-01-16,P2,L6,S2,PR3,461,443,7.13,52,10
R252,2024-01-16,P2,L6,S3,PR3,513,490,7.5,30,7
R253,2024-01-17,P1,L1,S1,PR4,663,660,7.42,35,13
R254,2024-01-17,P1,L1,S2,PR1,764,747,7.27,44,21
R255,2024-01-17,P1,L1,S3,PR2,734,700,7.5,30,27
R256,2024-01-17,P1,L2,S1,PR1,636,620,7.72,17,17
R257,2024-01-17,P1,L2,S2,PR4,681,654,7.73,16,24
R258,2024-01-17,P1,L2,S3,PR1,632,606,7.63,22,9
R259,2024-01-17,P1,L3,S1,PR3,522,510,7.43,34,6
R260,2024-01-17,P1,L3,S2,PR3,485,479,7.12,53,11
R261,2024-01-17,P1,L3,S3,PR1,437,423,7.83,10,11
R262,2024-01-17,P2,L4,S1,PR4,791,757,7.7,18,11
R263,2024-01-17,P2,L4,S2,PR3,685,672,7.7,18,14
R264,2024-01-17,P2,L4,S3,PR3,680,646,7.82,11,9
R265,2024-01-17,P2,L5,S1,PR5,691,657,7.85,9,10
R266,2024-01-17,P2,L5,S2,PR1,679,652,7.58,25,19
R267,2024-01-17,P2,L5,S3,PR2,576,565,7.55,27,9
R268,2024-01-17,P2,L6,S1,PR1,527,503,7.78,13,8
R269,2024-01-17,P2,L6,S2,PR4,531,526,7.73,16,11
R270,2024-01-17,P2,L6,S3,PR2,465,457,7.28,43,7
R271,2024-01-18,P1,L1,S1,PR3,771,732,7.07,56,9
R272,2024-01-18,P1,L1,S2,PR5,804,772,7.75,15,8
R273,2024-01-18,P1,L1,S3,PR2,756,734,7.45,33,26
R274,2024-01-18,P1,L2,S1,PR5,615,609,7.53,28,12
R275,2024-01-18,P1,L2,S2,PR4,633,620,7.5,30,11
R276,2024-01-18,P1,L2,S3,PR5,578,567,7.62,23,12
R277,2024-01-18,P1,L3,S1,PR2,438,422,7.07,56,16
R278,2024-01-18,P1,L3,S2,PR5,572,565,7.42,35,8
R279,2024-01-18,P1,L3,S3,PR3,513,510,7.75,15,17
R280,2024-01-18,P2,L4,S1,PR5,778,755,7.57,26,8
R281,2024-01-18,P2,L4,S2,PR4,743,729,7.55,27,12
R282,2024-01-18,P2,L4,S3,PR5,622,595,7.6,24,20
R283,2024-01-18,P2,L5,S1,PR4,631,604,7.55,27,10
R284,2024-01-18,P2,L5,S2,PR5,677,643,7.95,3,24
R285,2024-01-18,P2,L5,S3,PR5,638,614,8.0,0,16
R286,2024-01-18,P2,L6,S1,PR3,450,442,7.23,46,15
R287,2024-01-18,P2,L6,S2,PR5,505,494,7.55,27,14
R288,2024-01-18,P2,L6,S3,PR1,496,475,7.53,28,17
R289,2024-01-19,P1,L1,S1,PR3,696,679,7.37,38,7
R290,2024-01-19,P1,L1,S2,PR4,703,673,7.18,49,21
R291,2024-01-19,P1,L1,S3,PR3,705,678,7.0,60,14
R292,2024-01-19,P1,L2,S1,PR4,635,612,7.55,27,12
R293,2024-01-19,P1,L2,S2,PR5,626,612,7.53,28,14
R294,2024-01-19,P1,L2,S3,PR1,692,680,7.85,9,25
R295,2024-01-19,P1,L3,S1,PR5,498,473,7.45,33,8
R296,2024-01-19,P1,L3,S2,PR2,557,545,7.62,23,6
R297,2024-01-19,P1,L3,S3,PR3,565,546,7.38,37,18
R298,2024-01-19,P2,L4,S1,PR5,746,712,7.75,15,8
R299,2024-01-19,P2,L4,S2,PR1,737,725,7.63,22,16
R300,2024-01-19,P2,L4,S3,PR5,772,742,7.65,21,25
R301,2024-01-19,P2,L5,S1,PR2,668,643,7.72,17,17
R302,2024-01-19,P2,L5,S2,PR4,677,655,7.68,19,8
R303,2024-01-19,P2,L5,S3,PR5,613,588,7.82,11,15
R304,2024-01-19,P2,L6,S1,PR4,513,509,7.52,29,16
R305,2024-01-19,P2,L6,S2,PR4,510,502,7.5,30,17
R306,2024-01-19,P2,L6,S3,PR4,499,480,7.53,28,11
R307,2024-01-20,P1,L1,S1,PR4,793,760,7.33,40,20
R308,2024-01-20,P1,L1,S2,PR2,772,768,7.23,46,8
R309,2024-01-20,P1,L1,S3,PR4,684,681,7.35,39,26
R310,2024-01-20,P1,L2,S1,PR2,746,743,8.0,0,18
R311,2024-01-20,P1,L2,S2,PR3,705,680,8.0,0,23
R312,2024-01-20,P1,L2,S3,PR4,655,623,7.88,7,17
R313,2024-01-20,P1,L3,S1,PR5,492,469,7.17,50,14
R314,2024-01-20,P1,L3,S2,PR5,522,504,7.55,27,15
R315,2024-01-20,P1,L3,S3,PR3,466,455,7.1,54,15
R316,2024-01-20,P2,L4,S1,PR1,744,718,7.88,7,20
R317,2024-01-20,P2,L4,S2,PR2,786,755,8.0,0,8
R318,2024-01-20,P2,L4,S3,PR1,745,740,7.75,15,7
R319,2024-01-20,P2,L5,S1,PR1,667,664,7.95,3,22
R320,2024-01-20,P2,L5,S2,PR5,698,697,7.88,7,14
R321,2024-01-20,P2,L5,S3,PR5,575,560,7.53,28,16
R322,2024-01-20,P2,L6,S1,PR5,545,541,7.65,21,21
R323,2024-01-20,P2,L6,S2,PR1,459,445,7.15,51,14
R324,2024-01-20,P2,L6,S3,PR1,516,496,7.63,22,6
R325,2024-01-22,P1,L1,S1,PR2,759,732,7.78,13,12
R326,2024-01-22,P1,L1,S2,PR5,770,733,7.7,18,7
R327,2024-01-22,P1,L1,S3,PR5,708,686,7.13,52,20
R328,2024-01-22,P1,L2,S1,PR3,683,656,7.67,20,25
R329,2024-01-22,P1,L2,S2,PR3,741,738,7.98,1,17
R330,2024-01-22,P1,L2,S3,PR3,632,619,7.72,17,9
R331,2024-01-22,P1,L3,S1,PR3,499,489,7.03,58,12
R332,2024-01-22,P1,L3,S2,PR4,564,542,7.8,12,8
R333,2024-01-22,P1,L3,S3,PR4,465,459,7.28,43,9
R334,2024-01-22,P2,L4,S1,PR2,732,697,7.82,11,27
R335,2024-01-22,P2,L4,S2,PR5,784,772,7.5,30,11
R336,2024-01-22,P2,L4,S3,PR1,677,670,7.68,19,11
R337,2024-01-22,P2,L5,S1,PR4,642,628,7.6,24,17
R338,2024-01-22,P2,L5,S2,PR3,598,570,7.83,10,20
R339,2024-01-22,P2,L5,S3,PR2,602,598,7.93,4,23
R340,2024-01-22,P2,L6,S1,PR1,488,484,7.57,26,16
R341,2024-01-22,P2,L6,S2,PR2,520,496,7.6,24,11
R342,2024-01-22,P2,L6,S3,PR1,488,472,7.0,60,8
R343,2024-01-23,P1,L1,S1,PR2,806,768,7.65,21,12
R344,2024-01-23,P1,L1,S2,PR2,826,812,7.1,54,9
R345,2024-01-23,P1,L1,S3,PR5,706,687,7.1,54,19
R346,2024-01-23,P1,L2,S1,PR5,740,733,7.88,7,14
R347,2024-01-23,P1,L2,S2,PR1,691,665,7.57,26,24
R348,2024-01-23,P1,L2,S3,PR2,724,716,7.85,9,21
R349,2024-01-23,P1,L3,S1,PR1,562,553,7.63,22,16
R350,2024-01-23,P1,L3,S2,PR4,527,516,7.28,43,16
R351,2024-01-23,P1,L3,S3,PR3,512,494,7.8,12,15
R352,2024-01-23,P2,L4,S1,PR2,743,711,7.62,23,24
R353,2024-01-23,P2,L4,S2,PR4,767,728,7.92,5,13
R354,2024-01-23,P2,L4,S3,PR4,745,730,7.58,25,28
R355,2024-01-23,P2,L5,S1,PR3,608,596,7.88,7,15
R356,2024-01-23,P2,L5,S2,PR3,688,680,7.9,6,8
R357,2024-01-23,P2,L5,S3,PR1,632,630,7.9,6,12
R358,2024-01-23,P2,L6,S1,PR1,551,540,7.67,20,20
R359,2024-01-23,P2,L6,S2,PR2,499,481,7.77,14,15
R360,2024-01-23,P2,L6,S3,PR3,493,470,7.83,10,12
R361,2024-01-24,P1,L1,S1,PR1,840,799,7.45,33,28
R362,2024-01-24,P1,L1,S2,PR1,688,687,7.13,52,26
R363,2024-01-24,P1,L1,S3,PR5,747,737,7.77,14,7
R364,2024-01-24,P1,L2,S1,PR1,707,672,7.87,8,13
R365,2024-01-24,P1,L2,S2,PR4,750,738,7.83,10,17
R366,2024-01-24,P1,L2,S3,PR5,661,636,8.0,0,25
R367,2024-01-24,P1,L3,S1,PR5,454,435,7.03,58,14
R368,2024-01-24,P1,L3,S2,PR5,446,439,7.25,45,7
R369,2024-01-24,P1,L3,S3,PR1,508,499,7.55,27,9
R370,2024-01-24,P2,L4,S1,PR2,724,722,7.73,16,10
R371,2024-01-24,P2,L4,S2,PR4,757,735,7.55,27,21
R372,2024-01-24,P2,L4,S3,PR3,685,664,7.55,27,12
R373,2024-01-24,P2,L5,S1,PR3,632,628,7.58,25,10
R374,2024-01-24,P2,L5,S2,PR2,665,638,7.85,9,6
R375,2024-01-24,P2,L5,S3,PR1,551,547,7.57,26,13
R376,2024-01-24,P2,L6,S1,PR4,499,498,7.0,60,7
R377,2024-01-24,P2,L6,S2,PR3,506,500,7.53,28,17
R378,2024-01-24,P2,L6,S3,PR2,485,479,7.58,25,13
R379,2024-01-25,P1,L1,S1,PR5,795,786,7.45,33,19
R380,2024-01-25,P1,L1,S2,PR5,844,806,7.68,19,11
R381,2024-01-25,P1,L1,S3,PR2,684,656,7.17,50,16
R382,2024-01-25,P1,L2,S1,PR1,740,705,7.63,22,19
R383,2024-01-25,P1,L2,S2,PR3,696,672,7.55,27,15
R384,2024-01-25,P1,L2,S3,PR1,604,574,7.58,25,6
R385,2024-01-25,P1,L3,S1,PR3,533,522,7.78,13,9
R386,2024-01-25,P1,L3,S2,PR4,474,466,7.82,11,16
R387,2024-01-25,P1,L3,S3,PR3,482,463,7.72,17,18
R388,2024-01-25,P2,L4,S1,PR3,759,726,7.87,8,18
R389,2024-01-25,P2,L4,S2,PR4,838,819,7.98,1,8
R390,2024-01-25,P2,L4,S3,PR1,735,710,7.65,21,18
R391,2024-01-25,P2,L5,S1,PR3,622,591,7.55,27,7
R392,2024-01-25,P2,L5,S2,PR2,634,614,7.9,6,8
R393,2024-01-25,P2,L5,S3,PR1,669,662,7.67,20,10
R394,2024-01-25,P2,L6,S1,PR3,531,508,7.77,14,6
R395,2024-01-25,P2,L6,S2,PR2,547,520,7.68,19,19
R396,2024-01-25,P2,L6,S3,PR1,461,439,7.02,59,11
R397,2024-01-26,P1,L1,S1,PR3,779,767,7.1,54,26
R398,2024-01-26,P1,L1,S2,PR2,822,794,7.62,23,27
R399,2024-01-26,P1,L1,S3,PR1,817,794,7.6,24,23
R400,2024-01-26,P1,L2,S1,PR5,694,677,7.8,12,21
R401,2024-01-26,P1,L2,S2,PR4,646,641,7.63,22,10
R402,2024-01-26,P1,L2,S3,PR5,635,634,7.88,7,12
R403,2024-01-26,P1,L3,S1,PR4,509,500,7.03,58,12
R404,2024-01-26,P1,L3,S2,PR4,480,469,7.05,57,14
R405,2024-01-26,P1,L3,S3,PR5,472,453,7.1,54,13
R406,2024-01-26,P2,L4,S1,PR5,742,707,7.62,23,7
R407,2024-01-26,P2,L4,S2,PR4,718,713,7.53,28,22
R408,2024-01-26,P2,L4,S3,PR5,626,617,7.63,22,14
R409,2024-01-26,P2,L5,S1,PR4,592,591,7.62,23,6
R410,2024-01-26,P2,L5,S2,PR3,586,582,7.65,21,15
R411,2024-01-26,P2,L5,S3,PR3,690,672,7.95,3,24
R412,2024-01-26,P2,L6,S1,PR5,492,489,7.67,20,11
R413,2024-01-26,P2,L6,S2,PR3,497,494,7.27,44,8
R414,2024-01-26,P2,L6,S3,PR1,430,421,7.63,22,12
R415,2024-01-27,P1,L1,S1,PR5,784,772,7.7,18,28
R416,2024-01-27,P1,L1,S2,PR1,836,801,7.75,15,13
R417,2024-01-27,P1,L1,S3,PR2,730,702,7.35,39,25
R418,2024-01-27,P1,L2,S1,PR2,736,715,7.85,9,18
R419,2024-01-27,P1,L2,S2,PR1,707,677,7.55,27,14
R420,2024-01-27,P1,L2,S3,PR3,570,569,7.68,19,10
R421,2024-01-27,P1,L3,S1,PR4,503,497,7.72,17,6
R422,2024-01-27,P1,L3,S2,PR3,549,548,7.32,41,12
R423,2024-01-27,P1,L3,S3,PR4,499,482,7.48,31,16
R424,2024-01-27,P2,L4,S1,PR2,695,675,7.75,15,11
R425,2024-01-27,P2,L4,S2,PR5,822,787,7.83,10,11
R426,2024-01-27,P2,L4,S3,PR4,761,724,7.93,4,23
R427,2024-01-27,P2,L5,S1,PR5,647,641,7.88,7,21
R428,2024-01-27,P2,L5,S2,PR2,715,700,7.65,21,25
R429,2024-01-27,P2,L5,S3,PR3,614,591,7.92,5,6
R430,2024-01-27,P2,L6,S1,PR1,466,455,7.15,51,17
R431,2024-01-27,P2,L6,S2,PR2,500,482,7.28,43,12
R432,2024-01-27,P2,L6,S3,PR3,479,456,7.73,16,6
R433,2024-01-29,P1,L1,S1,PR5,788,766,7.1,54,19
R434,2024-01-29,P1,L1,S2,PR4,820,799,7.62,23,23
R435,2024-01-29,P1,L1,S3,PR5,766,735,7.22,47,22
R436,2024-01-29,P1,L2,S1,PR3,661,660,7.98,1,8
R437,2024-01-29,P1,L2,S2,PR2,662,657,7.8,12,10
R438,2024-01-29,P1,L2,S3,PR2,725,713,7.83,10,25
R439,2024-01-29,P1,L3,S1,PR5,541,527,7.63,22,15
R440,2024-01-29,P1,L3,S2,PR1,513,509,7.15,51,13
R441,2024-01-29,P1,L3,S3,PR3,524,503,7.4,36,14
R442,2024-01-29,P2,L4,S1,PR3,823,798,7.97,2,23
R443,2024-01-29,P2,L4,S2,PR2,761,760,7.73,16,8
R444,2024-01-29,P2,L4,S3,PR3,688,687,7.9,6,15
R445,2024-01-29,P2,L5,S1,PR2,651,636,7.65,21,20
R446,2024-01-29,P2,L5,S2,PR1,683,678,7.98,1,15
R447,2024-01-29,P2,L5,S3,PR3,667,660,7.9,6,21
R448,2024-01-29,P2,L6,S1,PR2,472,467,7.7,18,10
R449,2024-01-29,P2,L6,S2,PR5,486,474,7.43,34,4
R450,2024-01-29,P2,L6,S3,PR5,446,430,7.12,53,9
R451,2024-01-30,P1,L1,S1,PR2,886,858,7.7,18,20
R452,2024-01-30,P1,L1,S2,PR3,745,716,7.42,35,15
R453,2024-01-30,P1,L1,S3,PR2,806,790,7.37,38,18
R454,2024-01-30,P1,L2,S1,PR4,708,686,7.62,23,24
R455,2024-01-30,P1,L2,S2,PR3,596,566,7.9,6,11
R456,2024-01-30,P1,L2,S3,PR3,741,718,7.85,9,15
R457,2024-01-30,P1,L3,S1,PR4,578,566,7.77,14,18
R458,2024-01-30,P1,L3,S2,PR2,615,609,7.68,19,19
R459,2024-01-30,P1,L3,S3,PR4,503,483,7.25,45,18
R460,2024-01-30,P2,L4,S1,PR5,772,735,7.85,9,27
R461,2024-01-30,P2,L4,S2,PR4,730,711,7.88,7,12
R462,2024-01-30,P2,L4,S3,PR4,692,667,7.72,17,12
R463,2024-01-30,P2,L5,S1,PR1,643,620,7.62,23,17
R464,2024-01-30,P2,L5,S2,PR1,697,687,7.73,16,12
R465,2024-01-30,P2,L5,S3,PR4,592,567,7.98,1,17
R466,2024-01-30,P2,L6,S1,PR2,484,464,7.43,34,11
R467,2024-01-30,P2,L6,S2,PR1,460,450,7.22,47,7
R468,2024-01-30,P2,L6,S3,PR3,467,466,7.37,38,11
R469,2024-01-31,P1,L1,S1,PR2,810,771,7.58,25,22
R470,2024-01-31,P1,L1,S2,PR4,866,863,7.62,23,24
R471,2024-01-31,P1,L1,S3,PR4,745,716,7.47,32,11
R472,2024-01-31,P1,L2,S1,PR1,664,651,7.53,28,14
R473,2024-01-31,P1,L2,S2,PR1,631,624,7.72,17,11
R474,2024-01-31,P1,L2,S3,PR2,600,594,7.55,27,13
R475,2024-01-31,P1,L3,S1,PR5,498,488,7.37,38,11
R476,2024-01-31,P1,L3,S2,PR5,528,517,7.38,37,7
R477,2024-01-31,P1,L3,S3,PR3,483,464,7.02,59,5
R478,2024-01-31,P2,L4,S1,PR1,787,748,7.95,3,21
R479,2024-01-31,P2,L4,S2,PR3,781,751,7.65,21,16
R480,2024-01-31,P2,L4,S3,PR1,800,783,7.73,16,19
R481,2024-01-31,P2,L5,S1,PR4,623,605,7.82,11,19
R482,2024-01-31,P2,L5,S2,PR4,714,703,7.82,11,27
R483,2024-01-31,P2,L5,S3,PR3,636,612,7.8,12,7
R484,2024-01-31,P2,L6,S1,PR5,529,504,7.35,39,18
R485,2024-01-31,P2,L6,S2,PR2,477,458,7.48,31,9
R486,2024-01-31,P2,L6,S3,PR5,420,400,7.2,48,10
R487,2024-02-01,P1,L1,S1,PR1,757,752,7.08,55,22
R488,2024-02-01,P1,L1,S2,PR4,738,720,7.67,20,14
R489,2024-02-01,P1,L1,S3,PR5,764,763,7.15,51,22
R490,2024-02-01,P1,L2,S1,PR3,622,608,7.6,24,19
R491,2024-02-01,P1,L2,S2,PR5,636,622,7.53,28,24
R492,2024-02-01,P1,L2,S3,PR4,656,628,7.93,4,19
R493,2024-02-01,P1,L3,S1,PR2,522,498,7.35,39,11
R494,2024-02-01,P1,L3,S2,PR4,465,459,7.18,49,9
R495,2024-02-01,P1,L3,S3,PR1,509,507,7.2,48,8
R496,2024-02-01,P2,L4,S1,PR3,801,776,8.0,0,11
R497,2024-02-01,P2,L4,S2,PR4,784,765,7.58,25,21
R498,2024-02-01,P2,L4,S3,PR2,713,680,7.75,15,22
R499,2024-02-01,P2,L5,S1,PR4,647,639,7.68,19,19
R500,2024-02-01,P2,L5,S2,PR5,627,596,7.57,26,11
R501,2024-02-01,P2,L5,S3,PR3,570,543,7.6,24,20
R502,2024-02-01,P2,L6,S1,PR2,430,420,7.05,57,8
R503,2024-02-01,P2,L6,S2,PR5,441,432,7.13,52,11
R504,2024-02-01,P2,L6,S3,PR1,390,388,7.22,47,9
R505,2024-02-02,P1,L1,S1,PR5,813,787,7.67,20,28
R506,2024-02-02,P1,L1,S2,PR5,747,742,7.12,53,25
R507,2024-02-02,P1,L1,S3,PR1,670,639,7.02,59,14
R508,2024-02-02,P1,L2,S1,PR2,735,704,7.92,5,21
R509,2024-02-02,P1,L2,S2,PR3,665,653,7.55,27,22
R510,2024-02-02,P1,L2,S3,PR5,626,598,7.55,27,21
R511,2024-02-02,P1,L3,S1,PR2,493,483,7.02,59,15
R512,2024-02-02,P1,L3,S2,PR2,542,519,7.37,38,13
R513,2024-02-02,P1,L3,S3,PR3,468,453,7.53,28,5
R514,2024-02-02,P2,L4,S1,PR1,751,714,7.9,6,10
R515,2024-02-02,P2,L4,S2,PR3,734,732,7.57,26,16
R516,2024-02-02,P2,L4,S3,PR4,727,701,7.72,17,17
R517,2024-02-02,P2,L5,S1,PR3,594,583,7.52,29,9
R518,2024-02-02,P2,L5,S2,PR1,641,628,7.73,16,18
R519,2024-02-02,P2,L5,S3,PR3,621,591,7.98,1,23
R520,2024-02-02,P2,L6,S1,PR2,547,521,7.65,21,16
R521,2024-02-02,P2,L6,S2,PR5,445,438,7.0,60,5
R522,2024-02-02,P2,L6,S3,PR3,468,456,7.67,20,18
R523,2024-02-03,P1,L1,S1,PR4,759,732,7.02,59,21
R524,2024-02-03,P1,L1,S2,PR2,862,841,7.65,21,19
R525,2024-02-03,P1,L1,S3,PR3,690,668,7.55,27,14
R526,2024-02-03,P1,L2,S1,PR5,695,689,8.0,0,22
R527,2024-02-03,P1,L2,S2,PR2,679,645,7.98,1,11
R528,2024-02-03,P1,L2,S3,PR4,552,545,7.88,7,7
R529,2024-02-03,P1,L3,S1,PR1,481,457,7.47,32,7
R530,2024-02-03,P1,L3,S2,PR4,510,509,7.18,49,17
R531,2024-02-03,P1,L3,S3,PR3,471,450,7.1,54,11
R532,2024-02-03,P2,L4,S1,PR3,749,728,7.5,30,25
R533,2024-02-03,P2,L4,S2,PR4,761,728,7.88,7,14
R534,2024-02-03,P2,L4,S3,PR3,679,670,7.88,7,16
R535,2024-02-03,P2,L5,S1,PR4,592,575,7.68,19,19
R536,2024-02-03,P2,L5,S2,PR2,598,594,7.88,7,22
R537,2024-02-03,P2,L5,S3,PR5,576,567,7.62,23,13
R538,2024-02-03,P2,L6,S1,PR5,524,504,7.5,30,17
R539,2024-02-03,P2,L6,S2,PR1,556,546,7.52,29,20
R540,2024-02-03,P2,L6,S3,PR4,439,431,7.33,40,12
R541,2024-02-05,P1,L1,S1,PR5,818,783,7.73,16,25
R542,2024-02-05,P1,L1,S2,PR5,769,750,7.62,23,22
R543,2024-02-05,P1,L1,S3,PR2,733,698,7.53,28,7
R544,2024-02-05,P1,L2,S1,PR4,689,687,7.75,15,22
R545,2024-02-05,P1,L2,S2,PR4,613,593,7.55,27,19
R546,2024-02-05,P1,L2,S3,PR4,589,579,7.55,27,9
R547,2024-02-05,P1,L3,S1,PR2,556,535,7.4,36,5
R548,2024-02-05,P1,L3,S2,PR2,519,495,7.08,55,19
R549,2024-02-05,P1,L3,S3,PR3,534,523,7.6,24,11
R550,2024-02-05,P2,L4,S1,PR4,738,708,7.97,2,9
R551,2024-02-05,P2,L4,S2,PR3,806,791,7.75,15,20
R552,2024-02-05,P2,L4,S3,PR4,750,714,7.95,3,27
R553,2024-02-05,P2,L5,S1,PR2,620,619,7.7,18,17
R554,2024-02-05,P2,L5,S2,PR5,664,650,7.55,27,21
R555,2024-02-05,P2,L5,S3,PR5,621,593,7.63,22,11
R556,2024-02-05,P2,L6,S1,PR2,523,521,7.48,31,8
R557,2024-02-05,P2,L6,S2,PR5,483,469,7.78,13,13
R558,2024-02-05,P2,L6,S3,PR3,397,395,7.25,45,6
R559,2024-02-06,P1,L1,S1,PR3,759,754,7.28,43,22
R560,2024-02-06,P1,L1,S2,PR3,791,762,7.62,23,26
R561,2024-02-06,P1,L1,S3,PR1,695,686,7.05,57,16
R562,2024-02-06,P1,L2,S1,PR5,700,694,7.83,10,22
R563,2024-02-06,P1,L2,S2,PR2,730,699,8.0,0,18
R564,2024-02-06,P1,L2,S3,PR2,681,680,7.67,20,25
R565,2024-02-06,P1,L3,S1,PR1,547,542,7.6,24,8
R566,2024-02-06,P1,L3,S2,PR2,505,492,7.45,33,17
R567,2024-02-06,P1,L3,S3,PR3,512,501,7.58,25,12
R568,2024-02-06,P2,L4,S1,PR3,824,795,7.77,14,21
R569,2024-02-06,P2,L4,S2,PR1,792,777,7.85,9,25
R570,2024-02-06,P2,L4,S3,PR4,717,686,7.68,19,16
R571,2024-02-06,P2,L5,S1,PR4,660,653,8.0,0,10
R572,2024-02-06,P2,L5,S2,PR3,631,616,7.93,4,19
R573,2024-02-06,P2,L5,S3,PR3,570,551,7.8,12,18
R574,2024-02-06,P2,L6,S1,PR4,484,473,7.17,50,4
R575,2024-02-06,P2,L6,S2,PR3,473,472,7.52,29,9
R576,2024-02-06,P2,L6,S3,PR5,505,488,7.82,11,7
R577,2024-02-07,P1,L1,S1,PR3,793,792,7.22,47,16
R578,2024-02-07,P1,L1,S2,PR2,783,761,7.58,25,24
R579,2024-02-07,P1,L1,S3,PR4,741,718,7.35,39,16
R580,2024-02-07,P1,L2,S1,PR5,721,710,7.78,13,7
R581,2024-02-07,P1,L2,S2,PR2,618,611,7.7,18,7
R582,2024-02-07,P1,L2,S3,PR3,699,684,7.83,10,16
R583,2024-02-07,P1,L3,S1,PR1,507,496,7.45,33,13
R584,2024-02-07,P1,L3,S2,PR2,528,516,7.43,34,14
R585,2024-02-07,P1,L3,S3,PR3,509,490,7.23,46,17
R586,2024-02-07,P2,L4,S1,PR3,768,748,7.68,19,9
R587,2024-02-07,P2,L4,S2,PR4,746,737,7.78,13,23
R588,2024-02-07,P2,L4,S3,PR4,700,692,7.88,7,17
R589,2024-02-07,P2,L5,S1,PR3,599,578,7.67,20,13
R590,2024-02-07,P2,L5,S2,PR4,625,596,7.57,26,9
R591,2024-02-07,P2,L5,S3,PR5,661,660,7.68,19,25
R592,2024-02-07,P2,L6,S1,PR5,510,500,7.47,32,11
R593,2024-02-07,P2,L6,S2,PR1,530,506,7.52,29,11
R594,2024-02-07,P2,L6,S3,PR4,484,480,7.52,29,10
R595,2024-02-08,P1,L1,S1,PR5,843,808,7.22,47,16
R596,2024-02-08,P1,L1,S2,PR4,838,810,7.3,42,8
R597,2024-02-08,P1,L1,S3,PR1,780,752,7.77,14,28
R598,2024-02-08,P1,L2,S1,PR1,612,589,7.73,16,13
R599,2024-02-08,P1,L2,S2,PR2,700,681,7.73,16,16
R600,2024-02-08,P1,L2,S3,PR1,622,595,7.75,15,7
R601,2024-02-08,P1,L3,S1,PR4,535,519,7.62,23,16
R602,2024-02-08,P1,L3,S2,PR4,574,567,7.42,35,8
R603,2024-02-08,P1,L3,S3,PR4,443,437,7.1,54,12
R604,2024-02-08,P2,L4,S1,PR3,771,769,7.83,10,9
R605,2024-02-08,P2,L4,S2,PR2,729,702,7.58,25,12
R606,2024-02-08,P2,L4,S3,PR1,700,696,7.77,14,12
R607,2024-02-08,P2,L5,S1,PR3,699,679,7.95,3,22
R608,2024-02-08,P2,L5,S2,PR3,613,584,7.68,19,14
R609,2024-02-08,P2,L5,S3,PR4,519,502,7.72,17,18
R610,2024-02-08,P2,L6,S1,PR4,526,500,7.6,24,14
R611,2024-02-08,P2,L6,S2,PR2,471,469,7.12,53,5
R612,2024-02-08,P2,L6,S3,PR3,459,445,7.17,50,7
R613,2024-02-09,P1,L1,S1,PR2,855,820,7.75,15,22
R614,2024-02-09,P1,L1,S2,PR2,732,712,7.47,32,27
R615,2024-02-09,P1,L1,S3,PR1,696,665,7.75,15,9
R616,2024-02-09,P1,L2,S1,PR2,730,701,7.78,13,12
R617,2024-02-09,P1,L2,S2,PR1,680,663,7.65,21,8
R618,2024-02-09,P1,L2,S3,PR1,683,678,7.7,18,21
R619,2024-02-09,P1,L3,S1,PR2,530,517,7.47,32,6
R620,2024-02-09,P1,L3,S2,PR1,536,521,7.78,13,12
R621,2024-02-09,P1,L3,S3,PR3,506,492,7.43,34,10
R622,2024-02-09,P2,L4,S1,PR1,797,783,7.83,10,20
R623,2024-02-09,P2,L4,S2,PR5,770,762,7.95,3,18
R624,2024-02-09,P2,L4,S3,PR4,657,625,7.53,28,20
R625,2024-02-09,P2,L5,S1,PR3,621,595,7.72,17,11
R626,2024-02-09,P2,L5,S2,PR1,602,594,7.55,27,15
R627,2024-02-09,P2,L5,S3,PR1,628,624,7.82,11,22
R628,2024-02-09,P2,L6,S1,PR4,497,478,7.65,21,11
R629,2024-02-09,P2,L6,S2,PR4,526,513,7.6,24,12
R630,2024-02-09,P2,L6,S3,PR3,456,435,7.37,38,12
R631,2024-02-10,P1,L1,S1,PR2,796,787,7.73,16,30
R632,2024-02-10,P1,L1,S2,PR4,791,759,7.03,58,19
R633,2024-02-10,P1,L1,S3,PR3,760,743,7.23,46,21
R634,2024-02-10,P1,L2,S1,PR2,653,646,7.72,17,14
R635,2024-02-10,P1,L2,S2,PR5,696,666,7.88,7,20
R636,2024-02-10,P1,L2,S3,PR4,657,650,7.53,28,12
R637,2024-02-10,P1,L3,S1,PR2,505,484,7.32,41,17
R638,2024-02-10,P1,L3,S2,PR5,511,502,7.43,34,7
R639,2024-02-10,P1,L3,S3,PR5,548,522,7.35,39,19
R640,2024-02-10,P2,L4,S1,PR2,709,702,7.8,12,17
R641,2024-02-10,P2,L4,S2,PR5,738,737,7.67,20,22
R642,2024-02-10,P2,L4,S3,PR1,711,698,7.58,25,10
R643,2024-02-10,P2,L5,S1,PR5,641,614,7.75,15,6
R644,2024-02-10,P2,L5,S2,PR3,668,653,7.57,26,16
R645,2024-02-10,P2,L5,S3,PR3,632,602,7.75,15,19
R646,2024-02-10,P2,L6,S1,PR3,519,497,7.73,16,17
R647,2024-02-10,P2,L6,S2,PR4,467,460,7.02,59,8
R648,2024-02-10,P2,L6,S3,PR3,522,508,7.78,13,17
R649,2024-02-12,P1,L1,S1,PR1,711,693,7.67,20,24
R650,2024-02-12,P1,L1,S2,PR1,791,764,7.77,14,11
R651,2024-02-12,P1,L1,S3,PR1,756,722,7.23,46,12
R652,2024-02-12,P1,L2,S1,PR1,724,692,7.98,1,14
R653,2024-02-12,P1,L2,S2,PR1,747,733,7.78,13,20
R654,2024-02-12,P1,L2,S3,PR5,642,621,7.9,6,21
R655,2024-02-12,P1,L3,S1,PR3,520,510,7.23,46,7
R656,2024-02-12,P1,L3,S2,PR2,535,526,7.62,23,10
R657,2024-02-12,P1,L3,S3,PR3,461,441,7.15,51,15
R658,2024-02-12,P2,L4,S1,PR4,781,750,7.98,1,26
R659,2024-02-12,P2,L4,S2,PR1,770,758,7.58,25,19
R660,2024-02-12,P2,L4,S3,PR1,644,621,7.68,19,10
R661,2024-02-12,P2,L5,S1,PR3,668,663,7.77,14,21
R662,2024-02-12,P2,L5,S2,PR4,643,636,7.62,23,19
R663,2024-02-12,P2,L5,S3,PR3,636,625,7.88,7,16
R664,2024-02-12,P2,L6,S1,PR2,482,460,7.42,35,10
R665,2024-02-12,P2,L6,S2,PR5,520,508,7.42,35,10
R666,2024-02-12,P2,L6,S3,PR4,461,460,7.47,32,6
R667,2024-02-13,P1,L1,S1,PR1,786,775,7.68,19,29
R668,2024-02-13,P1,L1,S2,PR3,737,710,7.02,59,25
R669,2024-02-13,P1,L1,S3,PR4,751,741,7.32,41,25
R670,2024-02-13,P1,L2,S1,PR1,684,650,7.9,6,25
R671,2024-02-13,P1,L2,S2,PR1,652,646,7.83,10,11
R672,2024-02-13,P1,L2,S3,PR1,672,667,7.6,24,8
R673,2024-02-13,P1,L3,S1,PR5,521,497,7.25,45,8
R674,2024-02-13,P1,L3,S2,PR2,566,538,7.28,43,12
R675,2024-02-13,P1,L3,S3,PR5,530,511,7.62,23,9
R676,2024-02-13,P2,L4,S1,PR3,678,669,7.72,17,7
R677,2024-02-13,P2,L4,S2,PR1,775,770,7.6,24,11
R678,2024-02-13,P2,L4,S3,PR2,777,741,7.72,17,12
R679,2024-02-13,P2,L5,S1,PR4,636,606,7.58,25,21
R680,2024-02-13,P2,L5,S2,PR5,705,690,7.92,5,9
R681,2024-02-13,P2,L5,S3,PR2,646,642,7.75,15,17
R682,2024-02-13,P2,L6,S1,PR5,518,505,7.63,22,11
R683,2024-02-13,P2,L6,S2,PR5,445,439,7.02,59,12
R684,2024-02-13,P2,L6,S3,PR1,420,417,7.58,25,9
R685,2024-02-14,P1,L1,S1,PR2,870,852,7.55,27,26
R686,2024-02-14,P1,L1,S2,PR1,815,783,7.18,49,19
R687,2024-02-14,P1,L1,S3,PR3,763,743,7.78,13,21
R688,2024-02-14,P1,L2,S1,PR2,646,644,7.72,17,18
R689,2024-02-14,P1,L2,S2,PR3,691,678,7.83,10,8
R690,2024-02-14,P1,L2,S3,PR3,727,699,7.95,3,14
R691,2024-02-14,P1,L3,S1,PR3,481,460,7.08,55,8
R692,2024-02-14,P1,L3,S2,PR4,537,536,7.65,21,10
R693,2024-02-14,P1,L3,S3,PR4,440,431,7.25,45,7
R694,2024-02-14,P2,L4,S1,PR4,762,731,7.92,5,18
R695,2024-02-14,P2,L4,S2,PR2,724,716,7.62,23,19
R696,2024-02-14,P2,L4,S3,PR3,694,677,7.97,2,12
R697,2024-02-14,P2,L5,S1,PR1,661,630,7.98,1,17
R698,2024-02-14,P2,L5,S2,PR2,678,647,7.82,11,13
R699,2024-02-14,P2,L5,S3,PR1,631,615,7.52,29,19
R700,2024-02-14,P2,L6,S1,PR2,490,489,7.42,35,6
R701,2024-02-14,P2,L6,S2,PR4,456,442,7.2,48,9
R702,2024-02-14,P2,L6,S3,PR5,400,398,7.08,55,12
R703,2024-02-15,P1,L1,S1,PR4,695,688,7.23,46,26
R704,2024-02-15,P1,L1,S2,PR1,784,776,7.07,56,7
R705,2024-02-15,P1,L1,S3,PR5,713,686,7.38,37,8
R706,2024-02-15,P1,L2,S1,PR4,695,681,7.83,10,20
R707,2024-02-15,P1,L2,S2,PR5,670,651,7.73,16,13
R708,2024-02-15,P1,L2,S3,PR3,607,580,7.73,16,13
R709,2024-02-15,P1,L3,S1,PR3,534,509,7.65,21,10
R710,2024-02-15,P1,L3,S2,PR2,511,509,7.23,46,15
R711,2024-02-15,P1,L3,S3,PR1,440,431,7.1,54,4
R712,2024-02-15,P2,L4,S1,PR2,791,776,7.57,26,29
R713,2024-02-15,P2,L4,S2,PR1,785,774,7.7,18,10
R714,2024-02-15,P2,L4,S3,PR2,696,692,7.5,30,8
R715,2024-02-15,P2,L5,S1,PR2,617,586,7.9,6,13
R716,2024-02-15,P2,L5,S2,PR1,671,647,7.98,1,15
R717,2024-02-15,P2,L5,S3,PR1,590,564,7.75,15,15
R718,2024-02-15,P2,L6,S1,PR2,479,463,7.23,46,14
R719,2024-02-15,P2,L6,S2,PR4,495,487,7.12,53,11
R720,2024-02-15,P2,L6,S3,PR3,470,462,7.37,38,8
R721,2024-02-16,P1,L1,S1,PR5,829,806,7.43,34,27
R722,2024-02-16,P1,L1,S2,PR4,751,744,7.4,36,26
R723,2024-02-16,P1,L1,S3,PR4,709,684,7.18,49,18
R724,2024-02-16,P1,L2,S1,PR1,693,671,7.53,28,18
R725,2024-02-16,P1,L2,S2,PR2,740,716,7.95,3,10
R726,2024-02-16,P1,L2,S3,PR3,692,672,7.82,11,9
R727,2024-02-16,P1,L3,S1,PR3,485,464,7.02,59,4
R728,2024-02-16,P1,L3,S2,PR2,548,538,7.47,32,15
R729,2024-02-16,P1,L3,S3,PR3,477,462,7.45,33,8
R730,2024-02-16,P2,L4,S1,PR3,741,729,7.75,15,20
R731,2024-02-16,P2,L4,S2,PR5,699,698,7.77,14,16
R732,2024-02-16,P2,L4,S3,PR5,680,669,7.73,16,9
R733,2024-02-16,P2,L5,S1,PR3,619,603,7.62,23,23
R734,2024-02-16,P2,L5,S2,PR1,659,638,7.9,6,7
R735,2024-02-16,P2,L5,S3,PR2,590,565,7.53,28,6
R736,2024-02-16,P2,L6,S1,PR5,478,472,7.4,36,11
R737,2024-02-16,P2,L6,S2,PR5,515,492,7.57,26,19
R738,2024-02-16,P2,L6,S3,PR3,440,424,7.2,48,15
R739,2024-02-17,P1,L1,S1,PR5,852,851,7.57,26,15
R740,2024-02-17,P1,L1,S2,PR2,824,822,7.65,21,17
R741,2024-02-17,P1,L1,S3,PR5,667,651,7.4,36,9
R742,2024-02-17,P1,L2,S1,PR4,657,642,7.98,1,16
R743,2024-02-17,P1,L2,S2,PR3,685,665,7.52,29,12
R744,2024-02-17,P1,L2,S3,PR4,684,658,8.0,0,10
R745,2024-02-17,P1,L3,S1,PR2,540,520,7.75,15,20
R746,2024-02-17,P1,L3,S2,PR3,483,472,7.05,57,9
R747,2024-02-17,P1,L3,S3,PR3,446,433,7.18,49,12
R748,2024-02-17,P2,L4,S1,PR2,747,727,7.62,23,16
R749,2024-02-17,P2,L4,S2,PR5,771,756,7.5,30,12
R750,2024-02-17,P2,L4,S3,PR5,772,748,7.57,26,8
R751,2024-02-17,P2,L5,S1,PR3,724,696,7.53,28,27
R752,2024-02-17,P2,L5,S2,PR2,593,590,7.77,14,18
R753,2024-02-17,P2,L5,S3,PR5,655,626,7.8,12,21
R754,2024-02-17,P2,L6,S1,PR2,490,468,7.38,37,15
R755,2024-02-17,P2,L6,S2,PR1,488,486,7.15,51,7
R756,2024-02-17,P2,L6,S3,PR3,462,449,7.6,24,17
R757,2024-02-19,P1,L1,S1,PR3,863,845,7.68,19,17
R758,2024-02-19,P1,L1,S2,PR2,793,764,7.53,28,12
R759,2024-02-19,P1,L1,S3,PR2,691,674,7.2,48,16
R760,2024-02-19,P1,L2,S1,PR1,711,695,7.5,30,24
R761,2024-02-19,P1,L2,S2,PR2,687,681,7.83,10,22
R762,2024-02-19,P1,L2,S3,PR2,674,659,7.98,1,25
R763,2024-02-19,P1,L3,S1,PR4,515,511,7.4,36,11
R764,2024-02-19,P1,L3,S2,PR5,504,500,7.23,46,18
R765,2024-02-19,P1,L3,S3,PR3,516,506,7.52,29,19
R766,2024-02-19,P2,L4,S1,PR5,635,603,7.88,7,14
R767,2024-02-19,P2,L4,S2,PR2,813,800,7.9,6,11
R768,2024-02-19,P2,L4,S3,PR3,739,713,7.67,20,14
R769,2024-02-19,P2,L5,S1,PR4,611,586,7.58,25,22
R770,2024-02-19,P2,L5,S2,PR4,660,627,7.53,28,25
R771,2024-02-19,P2,L5,S3,PR1,630,607,7.57,26,6
R772,2024-02-19,P2,L6,S1,PR3,517,510,7.62,23,17
R773,2024-02-19,P2,L6,S2,PR4,445,439,7.0,60,14
R774,2024-02-19,P2,L6,S3,PR3,475,466,7.45,33,15
R775,2024-02-20,P1,L1,S1,PR3,840,801,7.8,12,19
R776,2024-02-20,P1,L1,S2,PR2,791,754,7.07,56,16
R777,2024-02-20,P1,L1,S3,PR5,745,720,7.8,12,9
R778,2024-02-20,P1,L2,S1,PR4,672,665,7.7,18,25
R779,2024-02-20,P1,L2,S2,PR1,615,586,7.83,10,14
R780,2024-02-20,P1,L2,S3,PR2,637,630,7.58,25,19
R781,2024-02-20,P1,L3,S1,PR4,475,456,7.43,34,8
R782,2024-02-20,P1,L3,S2,PR5,498,493,7.4,36,18
R783,2024-02-20,P1,L3,S3,PR2,491,474,7.05,57,11
R784,2024-02-20,P2,L4,S1,PR2,725,696,7.58,25,20
R785,2024-02-20,P2,L4,S2,PR5,759,734,7.82,11,21
R786,2024-02-20,P2,L4,S3,PR1,727,695,7.83,10,25
R787,2024-02-20,P2,L5,S1,PR4,537,525,7.77,14,15
R788,2024-02-20,P2,L5,S2,PR4,656,625,7.77,14,19
R789,2024-02-20,P2,L5,S3,PR1,627,621,7.58,25,21
R790,2024-02-20,P2,L6,S1,PR1,446,436,7.17,50,11
R791,2024-02-20,P2,L6,S2,PR4,521,502,7.73,16,12
R792,2024-02-20,P2,L6,S3,PR4,432,416,7.17,50,5
R793,2024-02-21,P1,L1,S1,PR5,725,715,7.08,55,13
R794,2024-02-21,P1,L1,S2,PR1,830,788,7.8,12,19
R795,2024-02-21,P1,L1,S3,PR2,738,732,7.57,26,7
R796,2024-02-21,P1,L2,S1,PR5,665,639,7.5,30,20
R797,2024-02-21,P1,L2,S2,PR1,639,618,7.55,27,11
R798,2024-02-21,P1,L2,S3,PR1,617,612,7.58,25,11
R799,2024-02-21,P1,L3,S1,PR4,554,538,7.77,14,20
R800,2024-02-21,P1,L3,S2,PR2,539,522,7.58,25,20
R801,2024-02-21,P1,L3,S3,PR1,523,509,7.77,14,11
R802,2024-02-21,P2,L4,S1,PR4,725,711,7.75,15,22
R803,2024-02-21,P2,L4,S2,PR1,784,782,7.68,19,25
R804,2024-02-21,P2,L4,S3,PR3,760,758,7.75,15,23
R805,2024-02-21,P2,L5,S1,PR5,637,630,7.9,6,18
R806,2024-02-21,P2,L5,S2,PR4,623,593,7.6,24,12
R807,2024-02-21,P2,L5,S3,PR4,603,585,7.65,21,13
R808,2024-02-21,P2,L6,S1,PR3,523,502,7.67,20,10
R809,2024-02-21,P2,L6,S2,PR3,498,492,7.78,13,11
R810,2024-02-21,P2,L6,S3,PR4,438,434,7.1,54,15
R811,2024-02-22,P1,L1,S1,PR5,810,788,7.42,35,28
R812,2024-02-22,P1,L1,S2,PR4,765,735,7.75,15,22
R813,2024-02-22,P1,L1,S3,PR5,690,660,7.65,21,19
R814,2024-02-22,P1,L2,S1,PR4,702,692,7.63,22,13
R815,2024-02-22,P1,L2,S2,PR3,633,623,7.72,17,9
R816,2024-02-22,P1,L2,S3,PR4,729,724,8.0,0,13
R817,2024-02-22,P1,L3,S1,PR3,507,484,7.43,34,12
R818,2024-02-22,P1,L3,S2,PR1,539,519,7.73,16,18
R819,2024-02-22,P1,L3,S3,PR4,486,473,7.43,34,10
R820,2024-02-22,P2,L4,S1,PR4,692,675,7.58,25,18
R821,2024-02-22,P2,L4,S2,PR4,747,745,7.73,16,19
R822,2024-02-22,P2,L4,S3,PR4,715,703,7.97,2,13
R823,2024-02-22,P2,L5,S1,PR2,687,670,7.9,6,26
R824,2024-02-22,P2,L5,S2,PR2,667,637,7.67,20,6
R825,2024-02-22,P2,L5,S3,PR4,635,607,7.75,15,10
R826,2024-02-22,P2,L6,S1,PR4,519,493,7.62,23,9
R827,2024-02-22,P2,L6,S2,PR1,467,451,7.05,57,9
R828,2024-02-22,P2,L6,S3,PR2,480,456,7.07,56,8
R829,2024-02-23,P1,L1,S1,PR5,765,759,7.18,49,8
R830,2024-02-23,P1,L1,S2,PR4,746,742,7.05,57,24
R831,2024-02-23,P1,L1,S3,PR5,756,733,7.7,18,13
R832,2024-02-23,P1,L2,S1,PR2,736,701,7.72,17,11
R833,2024-02-23,P1,L2,S2,PR1,686,677,7.85,9,16
R834,2024-02-23,P1,L2,S3,PR2,560,533,7.5,30,20
R835,2024-02-23,P1,L3,S1,PR5,536,535,7.62,23,6
R836,2024-02-23,P1,L3,S2,PR2,512,495,7.18,49,8
R837,2024-02-23,P1,L3,S3,PR2,469,460,7.23,46,15
R838,2024-02-23,P2,L4,S1,PR1,742,726,7.82,11,10
R839,2024-02-23,P2,L4,S2,PR2,748,725,7.52,29,21
R840,2024-02-23,P2,L4,S3,PR4,769,740,7.88,7,15
R841,2024-02-23,P2,L5,S1,PR1,657,639,7.97,2,23
R842,2024-02-23,P2,L5,S2,PR5,650,640,7.58,25,7
R843,2024-02-23,P2,L5,S3,PR2,580,554,7.75,15,21
R844,2024-02-23,P2,L6,S1,PR2,523,510,7.08,55,8
R845,2024-02-23,P2,L6,S2,PR5,528,503,7.18,49,9
R846,2024-02-23,P2,L6,S3,PR5,455,450,7.32,41,10
R847,2024-02-24,P1,L1,S1,PR1,667,635,7.23,46,9
R848,2024-02-24,P1,L1,S2,PR4,897,872,7.82,11,14
R849,2024-02-24,P1,L1,S3,PR2,755,753,7.78,13,11
R850,2024-02-24,P1,L2,S1,PR5,695,693,7.65,21,27
R851,2024-02-24,P1,L2,S2,PR3,626,608,7.83,10,16
R852,2024-02-24,P1,L2,S3,PR5,662,631,7.77,14,18
R853,2024-02-24,P1,L3,S1,PR5,519,512,7.2,48,7
R854,2024-02-24,P1,L3,S2,PR4,516,502,7.33,40,15
R855,2024-02-24,P1,L3,S3,PR1,528,519,7.63,22,7
R856,2024-02-24,P2,L4,S1,PR3,699,683,7.8,12,22
R857,2024-02-24,P2,L4,S2,PR2,733,696,7.72,17,14
R858,2024-02-24,P2,L4,S3,PR2,701,698,7.68,19,11
R859,2024-02-24,P2,L5,S1,PR3,619,598,7.98,1,21
R860,2024-02-24,P2,L5,S2,PR3,690,680,7.98,1,8
R861,2024-02-24,P2,L5,S3,PR1,589,573,7.68,19,17
R862,2024-02-24,P2,L6,S1,PR4,470,449,7.15,51,8
R863,2024-02-24,P2,L6,S2,PR4,510,509,7.42,35,5
R864,2024-02-24,P2,L6,S3,PR3,454,448,7.38,37,9
R865,2024-02-26,P1,L1,S1,PR3,872,868,7.65,21,33
R866,2024-02-26,P1,L1,S2,PR5,730,714,7.17,50,14
R867,2024-02-26,P1,L1,S3,PR2,681,666,7.13,52,13
R868,2024-02-26,P1,L2,S1,PR3,691,679,7.52,29,11
R869,2024-02-26,P1,L2,S2,PR1,669,642,7.6,24,7
R870,2024-02-26,P1,L2,S3,PR2,591,562,7.57,26,8
R871,2024-02-26,P1,L3,S1,PR5,515,513,7.5,30,14
R872,2024-02-26,P1,L3,S2,PR2,554,538,7.58,25,14
R873,2024-02-26,P1,L3,S3,PR3,564,543,7.75,15,11
R874,2024-02-26,P2,L4,S1,PR5,757,752,7.78,13,28
R875,2024-02-26,P2,L4,S2,PR1,748,739,7.82,11,17
R876,2024-02-26,P2,L4,S3,PR2,725,706,7.53,28,11
R877,2024-02-26,P2,L5,S1,PR2,601,580,7.75,15,20
R878,2024-02-26,P2,L5,S2,PR5,664,637,7.78,13,7
R879,2024-02-26,P2,L5,S3,PR5,509,504,7.67,20,17
R880,2024-02-26,P2,L6,S1,PR5,495,478,7.42,35,14
R881,2024-02-26,P2,L6,S2,PR5,483,462,7.05,57,16
R882,2024-02-26,P2,L6,S3,PR3,487,475,7.3,42,8
R883,2024-02-27,P1,L1,S1,PR2,723,691,7.05,57,22
R884,2024-02-27,P1,L1,S2,PR5,779,740,7.42,35,16
R885,2024-02-27,P1,L1,S3,PR5,722,721,7.57,26,12
R886,2024-02-27,P1,L2,S1,PR2,690,665,7.83,10,12
R887,2024-02-27,P1,L2,S2,PR5,729,719,7.98,1,25
R888,2024-02-27,P1,L2,S3,PR4,587,570,7.6,24,10
R889,2024-02-27,P1,L3,S1,PR1,578,572,7.7,18,8
R890,2024-02-27,P1,L3,S2,PR3,497,481,7.48,31,17
R891,2024-02-27,P1,L3,S3,PR2,458,448,7.17,50,13
R892,2024-02-27,P2,L4,S1,PR3,796,759,7.62,23,19
R893,2024-02-27,P2,L4,S2,PR5,727,719,7.88,7,19
R894,2024-02-27,P2,L4,S3,PR2,711,709,7.55,27,7
R895,2024-02-27,P2,L5,S1,PR4,651,628,7.52,29,19
R896,2024-02-27,P2,L5,S2,PR2,587,579,7.68,19,7
R897,2024-02-27,P2,L5,S3,PR1,705,682,7.98,1,25
R898,2024-02-27,P2,L6,S1,PR2,592,586,7.63,22,18
R899,2024-02-27,P2,L6,S2,PR5,467,465,7.22,47,14
R900,2024-02-27,P2,L6,S3,PR3,532,524,7.72,17,18
R901,2024-02-28,P1,L1,S1,PR4,835,801,7.55,27,16
R902,2024-02-28,P1,L1,S2,PR2,713,689,7.0,60,27
R903,2024-02-28,P1,L1,S3,PR1,795,784,7.78,13,21
R904,2024-02-28,P1,L2,S1,PR1,718,716,7.82,11,17
R905,2024-02-28,P1,L2,S2,PR3,653,646,7.92,5,20
R906,2024-02-28,P1,L2,S3,PR5,607,588,7.5,30,6
R907,2024-02-28,P1,L3,S1,PR3,466,459,7.25,45,15
R908,2024-02-28,P1,L3,S2,PR5,487,475,7.07,56,18
R909,2024-02-28,P1,L3,S3,PR5,509,501,7.67,20,17
R910,2024-02-28,P2,L4,S1,PR5,714,684,7.67,20,23
R911,2024-02-28,P2,L4,S2,PR5,668,638,7.87,8,22
R912,2024-02-28,P2,L4,S3,PR5,762,729,7.83,10,14
R913,2024-02-28,P2,L5,S1,PR5,677,665,7.8,12,22
R914,2024-02-28,P2,L5,S2,PR5,622,598,7.62,23,17
R915,2024-02-28,P2,L5,S3,PR2,651,647,7.7,18,6
R916,2024-02-28,P2,L6,S1,PR3,478,470,7.15,51,5
R917,2024-02-28,P2,L6,S2,PR5,430,415,7.25,45,8
R918,2024-02-28,P2,L6,S3,PR2,468,459,7.35,39,9
R919,2024-02-29,P1,L1,S1,PR1,773,736,7.6,24,24
R920,2024-02-29,P1,L1,S2,PR4,828,798,7.22,47,18
R921,2024-02-29,P1,L1,S3,PR1,727,692,7.83,10,14
R922,2024-02-29,P1,L2,S1,PR1,707,705,7.52,29,20
R923,2024-02-29,P1,L2,S2,PR2,703,674,7.52,29,15
R924,2024-02-29,P1,L2,S3,PR2,717,708,7.95,3,9
R925,2024-02-29,P1,L3,S1,PR1,465,451,7.0,60,17
R926,2024-02-29,P1,L3,S2,PR2,492,469,7.4,36,11
R927,2024-02-29,P1,L3,S3,PR2,458,451,7.0,60,14
R928,2024-02-29,P2,L4,S1,PR2,707,686,7.72,17,13
R929,2024-02-29,P2,L4,S2,PR5,684,656,7.73,16,16
R930,2024-02-29,P2,L4,S3,PR4,662,637,7.55,27,11
R931,2024-02-29,P2,L5,S1,PR4,640,627,7.57,26,7
R932,2024-02-29,P2,L5,S2,PR5,656,625,7.82,11,24
R933,2024-02-29,P2,L5,S3,PR3,598,586,7.85,9,16
R934,2024-02-29,P2,L6,S1,PR1,500,491,7.7,18,8
R935,2024-02-29,P2,L6,S2,PR3,486,478,7.05,57,13
R936,2024-02-29,P2,L6,S3,PR3,410,395,7.08,55,7
R937,2024-03-01,P1,L1,S1,PR3,824,821,7.38,37,10
R938,2024-03-01,P1,L1,S2,PR1,782,748,7.3,42,28
R939,2024-03-01,P1,L1,S3,PR1,746,716,7.25,45,19
R940,2024-03-01,P1,L2,S1,PR4,690,679,7.7,18,20
R941,2024-03-01,P1,L2,S2,PR1,674,659,7.77,14,11
R942,2024-03-01,P1,L2,S3,PR5,652,634,7.88,7,24
R943,2024-03-01,P1,L3,S1,PR3,556,533,7.43,34,16
R944,2024-03-01,P1,L3,S2,PR1,522,521,7.57,26,6
R945,2024-03-01,P1,L3,S3,PR3,469,447,7.08,55,14
R946,2024-03-01,P2,L4,S1,PR5,741,737,7.73,16,16
R947,2024-03-01,P2,L4,S2,PR2,734,723,7.78,13,7
R948,2024-03-01,P2,L4,S3,PR1,621,608,7.53,28,17
R949,2024-03-01,P2,L5,S1,PR2,599,590,7.73,16,7
R950,2024-03-01,P2,L5,S2,PR2,692,664,7.97,2,24
R951,2024-03-01,P2,L5,S3,PR5,568,547,7.57,26,9
R952,2024-03-01,P2,L6,S1,PR5,457,435,7.22,47,10
R953,2024-03-01,P2,L6,S2,PR5,525,516,7.67,20,6
R954,2024-03-01,P2,L6,S3,PR1,527,525,7.78,13,18
R955,2024-03-02,P1,L1,S1,PR1,845,842,7.78,13,22
R956,2024-03-02,P1,L1,S2,PR5,833,799,7.68,19,22
R957,2024-03-02,P1,L1,S3,PR1,786,767,7.5,30,9
R958,2024-03-02,P1,L2,S1,PR3,719,696,7.78,13,26
R959,2024-03-02,P1,L2,S2,PR1,746,718,8.0,0,15
R960,2024-03-02,P1,L2,S3,PR4,756,752,7.98,1,22
R961,2024-03-02,P1,L3,S1,PR2,490,480,7.07,56,8
R962,2024-03-02,P1,L3,S2,PR2,566,557,7.43,34,12
R963,2024-03-02,P1,L3,S3,PR5,530,528,7.13,52,6
R964,2024-03-02,P2,L4,S1,PR4,700,693,7.57,26,13
R965,2024-03-02,P2,L4,S2,PR5,717,691,7.58,25,17
R966,2024-03-02,P2,L4,S3,PR2,726,691,7.98,1,17
R967,2024-03-02,P2,L5,S1,PR1,617,606,7.6,24,10
R968,2024-03-02,P2,L5,S2,PR5,716,685,7.92,5,10
R969,2024-03-02,P2,L5,S3,PR5,653,646,7.92,5,19
R970,2024-03-02,P2,L6,S1,PR4,509,486,7.57,26,9
R971,2024-03-02,P2,L6,S2,PR1,482,470,7.78,13,12
R972,2024-03-02,P2,L6,S3,PR5,430,416,7.28,43,8
R973,2024-03-04,P1,L1,S1,PR1,837,808,7.72,17,30
R974,2024-03-04,P1,L1,S2,PR5,807,805,7.42,35,15
R975,2024-03-04,P1,L1,S3,PR3,710,707,7.1,54,25
R976,2024-03-04,P1,L2,S1,PR1,601,574,7.82,11,12
R977,2024-03-04,P1,L2,S2,PR3,693,665,7.8,12,23
R978,2024-03-04,P1,L2,S3,PR3,739,727,7.55,27,25
R979,2024-03-04,P1,L3,S1,PR4,523,508,7.27,44,14
R980,2024-03-04,P1,L3,S2,PR5,544,521,7.48,31,15
R981,2024-03-04,P1,L3,S3,PR2,500,480,7.3,42,6
R982,2024-03-04,P2,L4,S1,PR3,701,671,7.65,21,6
R983,2024-03-04,P2,L4,S2,PR4,778,759,7.62,23,11
R984,2024-03-04,P2,L4,S3,PR3,722,688,7.5,30,7
R985,2024-03-04,P2,L5,S1,PR1,633,604,7.9,6,10
R986,2024-03-04,P2,L5,S2,PR3,596,581,7.68,19,16
R987,2024-03-04,P2,L5,S3,PR5,573,550,7.93,4,21
R988,2024-03-04,P2,L6,S1,PR4,462,453,7.23,46,12
R989,2024-03-04,P2,L6,S2,PR4,453,442,7.55,27,13
R990,2024-03-04,P2,L6,S3,PR3,410,403,7.43,34,6
R991,2024-03-05,P1,L1,S1,PR4,652,647,7.27,44,18
R992,2024-03-05,P1,L1,S2,PR5,776,757,7.35,39,10
R993,2024-03-05,P1,L1,S3,PR4,711,687,7.57,26,9
R994,2024-03-05,P1,L2,S1,PR4,703,692,7.88,7,11
R995,2024-03-05,P1,L2,S2,PR5,699,671,7.58,25,16
R996,2024-03-05,P1,L2,S3,PR5,653,634,7.98,1,6
R997,2024-03-05,P1,L3,S1,PR5,626,614,7.75,15,18
R998,2024-03-05,P1,L3,S2,PR2,491,472,7.45,33,4
R999,2024-03-05,P1,L3,S3,PR1,514,509,7.62,23,17
R1000,2024-03-05,P2,L4,S1,PR1,842,835,7.92,5,20
R1001,2024-03-05,P2,L4,S2,PR4,803,780,7.82,11,12
R1002,2024-03-05,P2,L4,S3,PR4,679,674,7.73,16,24
R1003,2024-03-05,P2,L5,S1,PR2,637,617,7.98,1,21
R1004,2024-03-05,P2,L5,S2,PR2,637,633,7.65,21,10
R1005,2024-03-05,P2,L5,S3,PR5,657,655,7.93,4,7
R1006,2024-03-05,P2,L6,S1,PR2,418,410,7.27,44,5
R1007,2024-03-05,P2,L6,S2,PR5,524,509,7.43,34,20
R1008,2024-03-05,P2,L6,S3,PR3,426,416,7.07,56,8
R1009,2024-03-06,P1,L1,S1,PR1,783,758,7.7,18,9
R1010,2024-03-06,P1,L1,S2,PR1,769,744,7.82,11,17
R1011,2024-03-06,P1,L1,S3,PR4,762,750,7.27,44,7
R1012,2024-03-06,P1,L2,S1,PR3,754,724,8.0,0,21
R1013,2024-03-06,P1,L2,S2,PR5,664,657,7.63,22,21
R1014,2024-03-06,P1,L2,S3,PR1,636,621,7.67,20,7
R1015,2024-03-06,P1,L3,S1,PR3,560,553,7.77,14,18
R1016,2024-03-06,P1,L3,S2,PR1,567,561,7.45,33,14
R1017,2024-03-06,P1,L3,S3,PR4,515,505,7.58,25,16
R1018,2024-03-06,P2,L4,S1,PR1,727,696,7.9,6,11
R1019,2024-03-06,P2,L4,S2,PR1,784,780,7.97,2,25
R1020,2024-03-06,P2,L4,S3,PR1,725,710,7.73,16,21
R1021,2024-03-06,P2,L5,S1,PR5,646,634,7.65,21,9
R1022,2024-03-06,P2,L5,S2,PR4,695,676,7.9,6,21
R1023,2024-03-06,P2,L5,S3,PR3,592,571,7.92,5,9
R1024,2024-03-06,P2,L6,S1,PR5,490,470,7.72,17,10
R1025,2024-03-06,P2,L6,S2,PR2,510,489,7.73,16,6
R1026,2024-03-06,P2,L6,S3,PR4,503,495,7.67,20,10
R1027,2024-03-07,P1,L1,S1,PR5,798,789,7.35,39,14
R1028,2024-03-07,P1,L1,S2,PR1,823,810,7.37,38,14
R1029,2024-03-07,P1,L1,S3,PR4,778,751,7.73,16,13
R1030,2024-03-07,P1,L2,S1,PR4,692,664,7.63,22,20
R1031,2024-03-07,P1,L2,S2,PR3,678,653,7.52,29,19
R1032,2024-03-07,P1,L2,S3,PR5,596,590,7.83,10,19
R1033,2024-03-07,P1,L3,S1,PR1,517,493,7.65,21,15
R1034,2024-03-07,P1,L3,S2,PR2,521,504,7.17,50,11
R1035,2024-03-07,P1,L3,S3,PR1,505,480,7.45,33,14
R1036,2024-03-07,P2,L4,S1,PR1,661,638,7.5,30,23
R1037,2024-03-07,P2,L4,S2,PR3,737,733,7.77,14,29
R1038,2024-03-07,P2,L4,S3,PR4,734,727,7.7,18,25
R1039,2024-03-07,P2,L5,S1,PR3,686,654,8.0,0,8
R1040,2024-03-07,P2,L5,S2,PR1,579,578,7.6,24,11
R1041,2024-03-07,P2,L5,S3,PR5,618,613,7.5,30,24
R1042,2024-03-07,P2,L6,S1,PR1,523,503,7.67,20,5
R1043,2024-03-07,P2,L6,S2,PR5,442,420,7.12,53,8
R1044,2024-03-07,P2,L6,S3,PR4,465,459,7.58,25,12
R1045,2024-03-08,P1,L1,S1,PR3,825,793,7.37,38,8
R1046,2024-03-08,P1,L1,S2,PR3,737,728,7.55,27,20
R1047,2024-03-08,P1,L1,S3,PR5,735,718,7.22,47,20
R1048,2024-03-08,P1,L2,S1,PR3,708,703,7.58,25,19
R1049,2024-03-08,P1,L2,S2,PR5,697,688,7.87,8,16
R1050,2024-03-08,P1,L2,S3,PR1,662,652,7.97,2,14
R1051,2024-03-08,P1,L3,S1,PR3,553,551,7.65,21,20
R1052,2024-03-08,P1,L3,S2,PR1,474,458,7.32,41,11
R1053,2024-03-08,P1,L3,S3,PR3,493,482,7.17,50,5
R1054,2024-03-08,P2,L4,S1,PR3,806,784,7.93,4,23
R1055,2024-03-08,P2,L4,S2,PR1,702,699,7.72,17,10
R1056,2024-03-08,P2,L4,S3,PR2,754,735,7.58,25,22
R1057,2024-03-08,P2,L5,S1,PR3,705,679,7.98,1,9
R1058,2024-03-08,P2,L5,S2,PR5,674,661,7.5,30,18
R1059,2024-03-08,P2,L5,S3,PR5,630,612,7.73,16,18
R1060,2024-03-08,P2,L6,S1,PR1,449,445,7.17,50,6
R1061,2024-03-08,P2,L6,S2,PR3,561,556,7.82,11,18
R1062,2024-03-08,P2,L6,S3,PR4,509,508,7.78,13,13
R1063,2024-03-09,P1,L1,S1,PR2,652,624,7.22,47,16
R1064,2024-03-09,P1,L1,S2,PR2,738,711,7.12,53,26
R1065,2024-03-09,P1,L1,S3,PR5,848,820,7.7,18,9
R1066,2024-03-09,P1,L2,S1,PR3,765,727,7.98,1,16
R1067,2024-03-09,P1,L2,S2,PR5,695,690,7.82,11,25
R1068,2024-03-09,P1,L2,S3,PR4,608,597,7.68,19,9
R1069,2024-03-09,P1,L3,S1,PR5,528,509,7.25,45,17
R1070,2024-03-09,P1,L3,S2,PR4,473,472,7.05,57,5
R1071,2024-03-09,P1,L3,S3,PR3,488,487,7.25,45,11
R1072,2024-03-09,P2,L4,S1,PR5,786,780,7.77,14,9
R1073,2024-03-09,P2,L4,S2,PR2,720,719,7.67,20,24
R1074,2024-03-09,P2,L4,S3,PR3,712,706,7.9,6,26
R1075,2024-03-09,P2,L5,S1,PR2,651,620,7.88,7,10
R1076,2024-03-09,P2,L5,S2,PR5,603,579,7.53,28,13
R1077,2024-03-09,P2,L5,S3,PR2,582,557,7.62,23,8
R1078,2024-03-09,P2,L6,S1,PR3,461,460,7.1,54,15
R1079,2024-03-09,P2,L6,S2,PR3,491,473,7.47,32,16
R1080,2024-03-09,P2,L6,S3,PR2,482,465,7.53,28,8
R1081,2024-03-11,P1,L1,S1,PR1,799,769,7.78,13,15
R1082,2024-03-11,P1,L1,S2,PR1,731,719,7.07,56,8
R1083,2024-03-11,P1,L1,S3,PR1,794,760,7.7,18,15
R1084,2024-03-11,P1,L2,S1,PR4,677,672,7.95,3,9
R1085,2024-03-11,P1,L2,S2,PR3,680,656,7.75,15,17
R1086,2024-03-11,P1,L2,S3,PR3,620,613,7.88,7,8
R1087,2024-03-11,P1,L3,S1,PR1,513,491,7.22,47,14
R1088,2024-03-11,P1,L3,S2,PR2,581,559,7.17,50,13
R1089,2024-03-11,P1,L3,S3,PR2,472,455,7.15,51,15
R1090,2024-03-11,P2,L4,S1,PR3,705,671,7.65,21,15
R1091,2024-03-11,P2,L4,S2,PR5,842,824,7.92,5,24
R1092,2024-03-11,P2,L4,S3,PR1,675,667,7.55,27,23
R1093,2024-03-11,P2,L5,S1,PR5,669,663,7.83,10,26
R1094,2024-03-11,P2,L5,S2,PR5,569,565,7.65,21,11
R1095,2024-03-11,P2,L5,S3,PR3,594,586,7.57,26,14
R1096,2024-03-11,P2,L6,S1,PR4,475,462,7.83,10,16
R1097,2024-03-11,P2,L6,S2,PR1,490,475,7.05,57,9
R1098,2024-03-11,P2,L6,S3,PR5,463,450,7.62,23,14
R1099,2024-03-12,P1,L1,S1,PR2,781,779,7.5,30,11
R1100,2024-03-12,P1,L1,S2,PR4,792,774,7.63,22,21
R1101,2024-03-12,P1,L1,S3,PR4,884,849,7.83,10,22
R1102,2024-03-12,P1,L2,S1,PR2,658,637,7.55,27,19
R1103,2024-03-12,P1,L2,S2,PR2,680,652,7.63,22,11
R1104,2024-03-12,P1,L2,S3,PR3,600,576,7.75,15,8
R1105,2024-03-12,P1,L3,S1,PR3,525,523,7.7,18,20
R1106,2024-03-12,P1,L3,S2,PR4,556,544,7.55,27,7
R1107,2024-03-12,P1,L3,S3,PR3,534,517,7.5,30,6
R1108,2024-03-12,P2,L4,S1,PR5,736,719,7.83,10,25
R1109,2024-03-12,P2,L4,S2,PR1,736,723,7.85,9,12
R1110,2024-03-12,P2,L4,S3,PR2,751,721,8.0,0,26
R1111,2024-03-12,P2,L5,S1,PR5,598,568,7.52,29,20
R1112,2024-03-12,P2,L5,S2,PR4,620,613,7.82,11,17
R1113,2024-03-12,P2,L5,S3,PR3,571,555,7.53,28,11
R1114,2024-03-12,P2,L6,S1,PR3,502,479,7.42,35,11
R1115,2024-03-12,P2,L6,S2,PR1,453,435,7.25,45,16
R1116,2024-03-12,P2,L6,S3,PR4,455,442,7.62,23,10
R1117,2024-03-13,P1,L1,S1,PR1,734,715,7.2,48,16
R1118,2024-03-13,P1,L1,S2,PR4,799,782,7.38,37,31
R1119,2024-03-13,P1,L1,S3,PR3,718,711,7.45,33,10
R1120,2024-03-13,P1,L2,S1,PR1,757,720,7.98,1,11
R1121,2024-03-13,P1,L2,S2,PR4,681,667,7.68,19,24
R1122,2024-03-13,P1,L2,S3,PR3,546,532,7.55,27,13
R1123,2024-03-13,P1,L3,S1,PR1,459,455,7.4,36,6
R1124,2024-03-13,P1,L3,S2,PR2,586,557,7.58,25,13
R1125,2024-03-13,P1,L3,S3,PR2,481,471,7.52,29,8
R1126,2024-03-13,P2,L4,S1,PR2,779,746,7.9,6,15
R1127,2024-03-13,P2,L4,S2,PR1,743,733,7.88,7,10
R1128,2024-03-13,P2,L4,S3,PR1,775,766,7.9,6,13
R1129,2024-03-13,P2,L5,S1,PR3,658,655,7.58,25,14
R1130,2024-03-13,P2,L5,S2,PR4,729,694,7.9,6,7
R1131,2024-03-13,P2,L5,S3,PR3,622,615,7.85,9,10
R1132,2024-03-13,P2,L6,S1,PR2,547,529,7.73,16,5
R1133,2024-03-13,P2,L6,S2,PR1,510,508,7.7,18,9
R1134,2024-03-13,P2,L6,S3,PR2,468,458,7.42,35,13
R1135,2024-03-14,P1,L1,S1,PR3,799,796,7.22,47,29
R1136,2024-03-14,P1,L1,S2,PR1,744,734,7.23,46,13
R1137,2024-03-14,P1,L1,S3,PR5,756,755,7.22,47,14
R1138,2024-03-14,P1,L2,S1,PR5,754,729,7.92,5,9
R1139,2024-03-14,P1,L2,S2,PR5,614,593,7.7,18,20
R1140,2024-03-14,P1,L2,S3,PR3,642,639,7.93,4,9
R1141,2024-03-14,P1,L3,S1,PR1,525,500,7.2,48,6
R1142,2024-03-14,P1,L3,S2,PR2,511,489,7.35,39,13
R1143,2024-03-14,P1,L3,S3,PR2,521,501,7.82,11,12
R1144,2024-03-14,P2,L4,S1,PR2,611,600,7.62,23,19
R1145,2024-03-14,P2,L4,S2,PR3,770,766,7.75,15,26
R1146,2024-03-14,P2,L4,S3,PR4,775,765,7.78,13,8
R1147,2024-03-14,P2,L5,S1,PR4,619,600,7.83,10,21
R1148,2024-03-14,P2,L5,S2,PR1,727,723,7.92,5,26
R1149,2024-03-14,P2,L5,S3,PR1,643,619,7.63,22,9
R1150,2024-03-14,P2,L6,S1,PR3,476,456,7.7,18,9
R1151,2024-03-14,P2,L6,S2,PR5,548,523,7.77,14,16
R1152,2024-03-14,P2,L6,S3,PR2,435,424,7.1,54,7
R1153,2024-03-15,P1,L1,S1,PR3,707,692,7.52,29,15
R1154,2024-03-15,P1,L1,S2,PR5,750,718,7.13,52,9
R1155,2024-03-15,P1,L1,S3,PR4,816,789,7.77,14,25
R1156,2024-03-15,P1,L2,S1,PR3,686,674,7.75,15,25
R1157,2024-03-15,P1,L2,S2,PR2,714,701,8.0,0,25
R1158,2024-03-15,P1,L2,S3,PR5,695,674,7.78,13,13
R1159,2024-03-15,P1,L3,S1,PR5,501,490,7.17,50,11
R1160,2024-03-15,P1,L3,S2,PR3,539,515,7.62,23,20
R1161,2024-03-15,P1,L3,S3,PR5,549,522,7.58,25,15
R1162,2024-03-15,P2,L4,S1,PR3,752,734,7.52,29,9
R1163,2024-03-15,P2,L4,S2,PR4,738,712,7.52,29,27
R1164,2024-03-15,P2,L4,S3,PR5,646,640,7.65,21,25
R1165,2024-03-15,P2,L5,S1,PR1,592,563,7.95,3,6
R1166,2024-03-15,P2,L5,S2,PR3,605,595,7.62,23,14
R1167,2024-03-15,P2,L5,S3,PR1,650,625,7.98,1,17
R1168,2024-03-15,P2,L6,S1,PR1,463,448,7.6,24,15
R1169,2024-03-15,P2,L6,S2,PR5,503,486,7.67,20,10
R1170,2024-03-15,P2,L6,S3,PR4,485,480,7.22,47,9
R1171,2024-03-16,P1,L1,S1,PR4,725,719,7.52,29,11
R1172,2024-03-16,P1,L1,S2,PR3,660,639,7.45,33,21
R1173,2024-03-16,P1,L1,S3,PR3,746,725,7.68,19,13
R1174,2024-03-16,P1,L2,S1,PR4,742,739,7.92,5,10
R1175,2024-03-16,P1,L2,S2,PR3,668,652,7.52,29,7
R1176,2024-03-16,P1,L2,S3,PR3,666,648,7.82,11,14
R1177,2024-03-16,P1,L3,S1,PR1,506,505,7.02,59,13
R1178,2024-03-16,P1,L3,S2,PR4,495,487,7.45,33,5
R1179,2024-03-16,P1,L3,S3,PR1,457,448,7.32,41,17
R1180,2024-03-16,P2,L4,S1,PR5,754,741,7.88,7,9
R1181,2024-03-16,P2,L4,S2,PR4,773,749,7.68,19,26
R1182,2024-03-16,P2,L4,S3,PR4,618,612,7.73,16,17
R1183,2024-03-16,P2,L5,S1,PR3,607,579,7.88,7,11
R1184,2024-03-16,P2,L5,S2,PR5,632,613,7.88,7,18
R1185,2024-03-16,P2,L5,S3,PR1,608,589,7.98,1,9
R1186,2024-03-16,P2,L6,S1,PR1,492,471,7.38,37,16
R1187,2024-03-16,P2,L6,S2,PR5,478,458,7.28,43,16
R1188,2024-03-16,P2,L6,S3,PR3,464,453,7.7,18,7
R1189,2024-03-18,P1,L1,S1,PR2,818,816,7.05,57,13
R1190,2024-03-18,P1,L1,S2,PR2,766,761,7.25,45,28
R1191,2024-03-18,P1,L1,S3,PR5,752,738,7.45,33,16
R1192,2024-03-18,P1,L2,S1,PR3,730,720,7.98,1,18
R1193,2024-03-18,P1,L2,S2,PR5,659,650,7.82,11,22
R1194,2024-03-18,P1,L2,S3,PR4,735,703,7.98,1,24
R1195,2024-03-18,P1,L3,S1,PR2,557,541,7.42,35,11
R1196,2024-03-18,P1,L3,S2,PR2,546,543,7.7,18,9
R1197,2024-03-18,P1,L3,S3,PR1,477,465,7.22,47,8
R1198,2024-03-18,P2,L4,S1,PR1,824,806,7.97,2,15
R1199,2024-03-18,P2,L4,S2,PR3,770,759,8.0,0,15
R1200,2024-03-18,P2,L4,S3,PR2,744,731,7.95,3,24
R1201,2024-03-18,P2,L5,S1,PR3,659,651,7.95,3,11
R1202,2024-03-18,P2,L5,S2,PR2,654,653,7.58,25,7
R1203,2024-03-18,P2,L5,S3,PR2,654,643,7.55,27,8
R1204,2024-03-18,P2,L6,S1,PR1,493,491,7.05,57,7
R1205,2024-03-18,P2,L6,S2,PR3,464,447,7.6,24,11
R1206,2024-03-18,P2,L6,S3,PR2,495,480,7.7,18,7
R1207,2024-03-19,P1,L1,S1,PR1,743,733,7.17,50,27
R1208,2024-03-19,P1,L1,S2,PR4,712,679,7.25,45,14
R1209,2024-03-19,P1,L1,S3,PR5,755,723,7.13,52,12
R1210,2024-03-19,P1,L2,S1,PR1,768,730,7.98,1,25
R1211,2024-03-19,P1,L2,S2,PR2,679,676,7.52,29,15
R1212,2024-03-19,P1,L2,S3,PR2,649,618,8.0,0,6
R1213,2024-03-19,P1,L3,S1,PR1,455,432,7.25,45,11
R1214,2024-03-19,P1,L3,S2,PR5,590,560,7.8,12,18
R1215,2024-03-19,P1,L3,S3,PR5,463,453,7.02,59,9
R1216,2024-03-19,P2,L4,S1,PR2,756,755,7.83,10,19
R1217,2024-03-19,P2,L4,S2,PR3,811,781,7.95,3,28
R1218,2024-03-19,P2,L4,S3,PR1,675,653,7.88,7,17
R1219,2024-03-19,P2,L5,S1,PR3,656,650,7.9,6,22
R1220,2024-03-19,P2,L5,S2,PR5,625,600,7.75,15,10
R1221,2024-03-19,P2,L5,S3,PR3,607,586,7.75,15,21
R1222,2024-03-19,P2,L6,S1,PR3,485,462,7.75,15,7
R1223,2024-03-19,P2,L6,S2,PR2,424,409,7.7,18,8
R1224,2024-03-19,P2,L6,S3,PR4,474,462,7.8,12,6
R1225,2024-03-20,P1,L1,S1,PR5,865,854,7.62,23,12
R1226,2024-03-20,P1,L1,S2,PR5,791,757,7.37,38,13
R1227,2024-03-20,P1,L1,S3,PR2,678,667,7.32,41,7
R1228,2024-03-20,P1,L2,S1,PR1,595,566,7.52,29,12
R1229,2024-03-20,P1,L2,S2,PR4,650,638,7.82,11,11
R1230,2024-03-20,P1,L2,S3,PR3,653,649,7.6,24,23
R1231,2024-03-20,P1,L3,S1,PR4,485,470,7.32,41,8
R1232,2024-03-20,P1,L3,S2,PR1,511,502,7.58,25,17
R1233,2024-03-20,P1,L3,S3,PR5,546,529,7.77,14,7
R1234,2024-03-20,P2,L4,S1,PR1,789,778,7.92,5,16
R1235,2024-03-20,P2,L4,S2,PR1,708,675,7.85,9,26
R1236,2024-03-20,P2,L4,S3,PR2,739,707,7.68,19,28
R1237,2024-03-20,P2,L5,S1,PR3,670,665,7.63,22,12
R1238,2024-03-20,P2,L5,S2,PR4,726,706,7.87,8,20
R1239,2024-03-20,P2,L5,S3,PR2,539,520,7.53,28,14
R1240,2024-03-20,P2,L6,S1,PR4,449,445,7.63,22,7
R1241,2024-03-20,P2,L6,S2,PR3,512,507,7.68,19,13
R1242,2024-03-20,P2,L6,S3,PR5,484,478,7.58,25,5
R1243,2024-03-21,P1,L1,S1,PR1,712,703,7.13,52,12
R1244,2024-03-21,P1,L1,S2,PR5,780,774,7.68,19,10
R1245,2024-03-21,P1,L1,S3,PR1,750,724,7.15,51,21
R1246,2024-03-21,P1,L2,S1,PR4,708,693,7.85,9,19
R1247,2024-03-21,P1,L2,S2,PR4,696,676,7.6,24,12
R1248,2024-03-21,P1,L2,S3,PR1,723,714,7.87,8,11
R1249,2024-03-21,P1,L3,S1,PR4,518,508,7.83,10,16
R1250,2024-03-21,P1,L3,S2,PR1,517,496,7.05,57,5
R1251,2024-03-21,P1,L3,S3,PR1,493,489,7.3,42,5
R1252,2024-03-21,P2,L4,S1,PR4,698,688,7.65,21,13
R1253,2024-03-21,P2,L4,S2,PR5,785,758,7.77,14,18
R1254,2024-03-21,P2,L4,S3,PR3,704,669,7.73,16,8
R1255,2024-03-21,P2,L5,S1,PR1,608,594,7.75,15,9
R1256,2024-03-21,P2,L5,S2,PR5,716,690,7.73,16,20
R1257,2024-03-21,P2,L5,S3,PR5,629,615,7.9,6,15
R1258,2024-03-21,P2,L6,S1,PR4,488,465,7.03,58,5
R1259,2024-03-21,P2,L6,S2,PR2,446,444,7.47,32,9
R1260,2024-03-21,P2,L6,S3,PR5,491,469,7.42,35,14
R1261,2024-03-22,P1,L1,S1,PR1,750,738,7.02,59,27
R1262,2024-03-22,P1,L1,S2,PR2,664,657,7.03,58,19
R1263,2024-03-22,P1,L1,S3,PR4,716,690,7.03,58,6
R1264,2024-03-22,P1,L2,S1,PR3,692,666,7.8,12,11
R1265,2024-03-22,P1,L2,S2,PR3,721,706,7.68,19,7
R1266,2024-03-22,P1,L2,S3,PR1,680,670,7.55,27,13
R1267,2024-03-22,P1,L3,S1,PR3,561,542,7.68,19,7
R1268,2024-03-22,P1,L3,S2,PR5,560,534,7.17,50,18
R1269,2024-03-22,P1,L3,S3,PR1,492,469,7.32,41,10
R1270,2024-03-22,P2,L4,S1,PR3,769,758,7.67,20,25
R1271,2024-03-22,P2,L4,S2,PR5,703,676,7.67,20,7
R1272,2024-03-22,P2,L4,S3,PR2,786,767,7.97,2,27
R1273,2024-03-22,P2,L5,S1,PR4,635,619,7.57,26,7
R1274,2024-03-22,P2,L5,S2,PR1,682,666,7.92,5,14
R1275,2024-03-22,P2,L5,S3,PR5,559,537,7.83,10,6
R1276,2024-03-22,P2,L6,S1,PR5,526,507,7.35,39,6
R1277,2024-03-22,P2,L6,S2,PR4,556,552,7.8,12,22
R1278,2024-03-22,P2,L6,S3,PR1,394,385,7.45,33,13
R1279,2024-03-23,P1,L1,S1,PR3,690,669,7.02,59,20
R1280,2024-03-23,P1,L1,S2,PR4,756,743,7.63,22,14
R1281,2024-03-23,P1,L1,S3,PR3,724,692,7.13,52,18
R1282,2024-03-23,P1,L2,S1,PR3,637,627,7.65,21,19
R1283,2024-03-23,P1,L2,S2,PR4,692,674,7.63,22,21
R1284,2024-03-23,P1,L2,S3,PR3,674,661,7.95,3,10
R1285,2024-03-23,P1,L3,S1,PR4,616,611,7.83,10,9
R1286,2024-03-23,P1,L3,S2,PR2,469,448,7.08,55,17
R1287,2024-03-23,P1,L3,S3,PR4,494,483,7.47,32,12
R1288,2024-03-23,P2,L4,S1,PR5,693,661,7.58,25,7
R1289,2024-03-23,P2,L4,S2,PR5,783,765,8.0,0,13
R1290,2024-03-23,P2,L4,S3,PR2,690,677,8.0,0,23
R1291,2024-03-23,P2,L5,S1,PR4,656,645,7.85,9,11
R1292,2024-03-23,P2,L5,S2,PR4,620,598,7.68,19,16
R1293,2024-03-23,P2,L5,S3,PR5,669,647,7.75,15,18
R1294,2024-03-23,P2,L6,S1,PR1,517,503,7.6,24,7
R1295,2024-03-23,P2,L6,S2,PR4,508,491,7.48,31,18
R1296,2024-03-23,P2,L6,S3,PR1,484,460,7.02,59,8
R1297,2024-03-25,P1,L1,S1,PR4,696,684,7.0,60,14
R1298,2024-03-25,P1,L1,S2,PR1,815,805,7.22,47,19
R1299,2024-03-25,P1,L1,S3,PR4,736,708,7.1,54,9
R1300,2024-03-25,P1,L2,S1,PR4,685,670,7.85,9,26
R1301,2024-03-25,P1,L2,S2,PR5,646,624,7.6,24,15
R1302,2024-03-25,P1,L2,S3,PR5,650,622,7.92,5,18
R1303,2024-03-25,P1,L3,S1,PR3,512,489,7.78,13,17
R1304,2024-03-25,P1,L3,S2,PR4,468,454,7.37,38,9
R1305,2024-03-25,P1,L3,S3,PR3,496,487,7.82,11,5
R1306,2024-03-25,P2,L4,S1,PR3,844,836,7.85,9,31
R1307,2024-03-25,P2,L4,S2,PR4,787,753,7.95,3,18
R1308,2024-03-25,P2,L4,S3,PR2,693,679,7.53,28,18
R1309,2024-03-25,P2,L5,S1,PR5,570,545,7.55,27,11
R1310,2024-03-25,P2,L5,S2,PR2,594,569,7.55,27,18
R1311,2024-03-25,P2,L5,S3,PR2,677,672,7.6,24,18
R1312,2024-03-25,P2,L6,S1,PR5,513,496,7.28,43,16
R1313,2024-03-25,P2,L6,S2,PR4,469,458,7.47,32,17
R1314,2024-03-25,P2,L6,S3,PR3,474,459,7.58,25,8
R1315,2024-03-26,P1,L1,S1,PR3,748,726,7.12,53,20
R1316,2024-03-26,P1,L1,S2,PR2,814,776,7.75,15,29
R1317,2024-03-26,P1,L1,S3,PR2,756,749,7.37,38,9
R1318,2024-03-26,P1,L2,S1,PR1,722,703,7.57,26,20
R1319,2024-03-26,P1,L2,S2,PR1,701,675,7.75,15,25
R1320,2024-03-26,P1,L2,S3,PR2,682,652,7.95,3,23
R1321,2024-03-26,P1,L3,S1,PR1,509,498,7.07,56,18
R1322,2024-03-26,P1,L3,S2,PR4,445,437,7.38,37,10
R1323,2024-03-26,P1,L3,S3,PR4,451,438,7.08,55,12
R1324,2024-03-26,P2,L4,S1,PR3,725,702,7.67,20,8
R1325,2024-03-26,P2,L4,S2,PR2,782,757,7.72,17,12
R1326,2024-03-26,P2,L4,S3,PR4,736,715,7.97,2,8
R1327,2024-03-26,P2,L5,S1,PR5,669,655,7.82,11,13
R1328,2024-03-26,P2,L5,S2,PR4,643,636,7.52,29,16
R1329,2024-03-26,P2,L5,S3,PR3,630,623,7.78,13,17
R1330,2024-03-26,P2,L6,S1,PR2,510,495,7.28,43,19
R1331,2024-03-26,P2,L6,S2,PR1,577,554,7.75,15,15
R1332,2024-03-26,P2,L6,S3,PR5,476,465,7.27,44,7
R1333,2024-03-27,P1,L1,S1,PR4,786,776,7.38,37,19
R1334,2024-03-27,P1,L1,S2,PR2,743,714,7.3,42,21
R1335,2024-03-27,P1,L1,S3,PR1,732,701,7.4,36,10
R1336,2024-03-27,P1,L2,S1,PR1,632,606,7.53,28,13
R1337,2024-03-27,P1,L2,S2,PR3,687,670,7.87,8,16
R1338,2024-03-27,P1,L2,S3,PR3,612,593,7.63,22,20
R1339,2024-03-27,P1,L3,S1,PR1,498,474,7.07,56,5
R1340,2024-03-27,P1,L3,S2,PR1,507,496,7.72,17,13
R1341,2024-03-27,P1,L3,S3,PR2,488,487,7.28,43,5
R1342,2024-03-27,P2,L4,S1,PR2,798,762,7.8,12,8
R1343,2024-03-27,P2,L4,S2,PR5,778,764,7.97,2,8
R1344,2024-03-27,P2,L4,S3,PR5,656,654,7.82,11,23
R1345,2024-03-27,P2,L5,S1,PR2,616,590,7.57,26,8
R1346,2024-03-27,P2,L5,S2,PR1,638,610,7.73,16,15
R1347,2024-03-27,P2,L5,S3,PR1,598,597,7.93,4,18
R1348,2024-03-27,P2,L6,S1,PR5,472,470,7.72,17,6
R1349,2024-03-27,P2,L6,S2,PR2,510,486,7.33,40,4
R1350,2024-03-27,P2,L6,S3,PR1,400,393,7.37,38,11
R1351,2024-03-28,P1,L1,S1,PR5,797,773,7.68,19,8
R1352,2024-03-28,P1,L1,S2,PR3,634,612,7.05,57,9
R1353,2024-03-28,P1,L1,S3,PR2,775,748,7.13,52,16
R1354,2024-03-28,P1,L2,S1,PR4,691,664,7.57,26,8
R1355,2024-03-28,P1,L2,S2,PR3,684,672,7.57,26,17
R1356,2024-03-28,P1,L2,S3,PR1,619,602,7.72,17,22
R1357,2024-03-28,P1,L3,S1,PR3,544,526,7.82,11,17
R1358,2024-03-28,P1,L3,S2,PR1,504,503,7.32,41,8
R1359,2024-03-28,P1,L3,S3,PR2,472,453,7.1,54,9
R1360,2024-03-28,P2,L4,S1,PR5,741,719,7.63,22,28
R1361,2024-03-28,P2,L4,S2,PR4,791,764,7.95,3,24
R1362,2024-03-28,P2,L4,S3,PR5,667,647,7.55,27,17
R1363,2024-03-28,P2,L5,S1,PR2,648,643,7.57,26,7
R1364,2024-03-28,P2,L5,S2,PR3,672,661,7.83,10,9
R1365,2024-03-28,P2,L5,S3,PR1,646,626,7.62,23,16
R1366,2024-03-28,P2,L6,S1,PR4,422,421,7.32,41,5
R1367,2024-03-28,P2,L6,S2,PR4,459,439,7.37,38,6
R1368,2024-03-28,P2,L6,S3,PR4,521,519,7.63,22,18
R1369,2024-03-29,P1,L1,S1,PR2,724,712,7.1,54,17
R1370,2024-03-29,P1,L1,S2,PR1,703,682,7.13,52,14
R1371,2024-03-29,P1,L1,S3,PR4,770,737,7.1,54,17
R1372,2024-03-29,P1,L2,S1,PR4,776,758,7.98,1,20
R1373,2024-03-29,P1,L2,S2,PR2,702,667,7.68,19,13
R1374,2024-03-29,P1,L2,S3,PR1,606,599,7.68,19,16
R1375,2024-03-29,P1,L3,S1,PR5,529,517,7.17,50,17
R1376,2024-03-29,P1,L3,S2,PR4,486,479,7.37,38,13
R1377,2024-03-29,P1,L3,S3,PR5,439,422,7.1,54,9
R1378,2024-03-29,P2,L4,S1,PR2,759,743,7.87,8,18
R1379,2024-03-29,P2,L4,S2,PR2,674,665,7.78,13,7
R1380,2024-03-29,P2,L4,S3,PR4,686,671,7.53,28,25
R1381,2024-03-29,P2,L5,S1,PR1,642,612,7.73,16,17
R1382,2024-03-29,P2,L5,S2,PR2,584,570,7.55,27,12
R1383,2024-03-29,P2,L5,S3,PR2,638,612,7.65,21,6
R1384,2024-03-29,P2,L6,S1,PR1,489,485,7.4,36,13
R1385,2024-03-29,P2,L6,S2,PR3,496,491,7.43,34,11
R1386,2024-03-29,P2,L6,S3,PR1,472,466,7.2,48,17
R1387,2024-03-30,P1,L1,S1,PR5,757,729,7.73,16,11
R1388,2024-03-30,P1,L1,S2,PR3,812,781,7.57,26,14
R1389,2024-03-30,P1,L1,S3,PR1,808,784,7.2,48,22
R1390,2024-03-30,P1,L2,S1,PR4,755,720,7.98,1,9
R1391,2024-03-30,P1,L2,S2,PR4,689,661,7.8,12,12
R1392,2024-03-30,P1,L2,S3,PR2,607,588,7.93,4,20
R1393,2024-03-30,P1,L3,S1,PR5,533,531,7.15,51,5
R1394,2024-03-30,P1,L3,S2,PR2,529,506,7.27,44,18
R1395,2024-03-30,P1,L3,S3,PR2,563,553,7.45,33,16
R1396,2024-03-30,P2,L4,S1,PR3,681,678,7.68,19,27
R1397,2024-03-30,P2,L4,S2,PR3,713,708,7.8,12,8
R1398,2024-03-30,P2,L4,S3,PR3,769,739,7.95,3,27
R1399,2024-03-30,P2,L5,S1,PR3,604,577,7.58,25,20
R1400,2024-03-30,P2,L5,S2,PR4,612,596,7.63,22,18
R1401,2024-03-30,P2,L5,S3,PR4,644,636,7.8,12,12
R1402,2024-03-30,P2,L6,S1,PR5,451,437,7.17,50,7
R1403,2024-03-30,P2,L6,S2,PR3,505,503,7.65,21,9
R1404,2024-03-30,P2,L6,S3,PR1,441,436,7.05,57,14
R1405,2024-04-01,P1,L1,S1,PR4,779,766,7.82,11,24
R1406,2024-04-01,P1,L1,S2,PR4,742,726,7.15,51,11
R1407,2024-04-01,P1,L1,S3,PR2,666,646,7.6,24,18
R1408,2024-04-01,P1,L2,S1,PR5,691,682,7.83,10,11
R1409,2024-04-01,P1,L2,S2,PR2,632,606,7.88,7,20
R1410,2024-04-01,P1,L2,S3,PR4,624,621,7.82,11,13
R1411,2024-04-01,P1,L3,S1,PR2,553,548,7.68,19,8
R1412,2024-04-01,P1,L3,S2,PR3,500,498,7.0,60,10
R1413,2024-04-01,P1,L3,S3,PR4,453,441,7.03,58,5
R1414,2024-04-01,P2,L4,S1,PR4,731,703,7.63,22,13
R1415,2024-04-01,P2,L4,S2,PR2,744,718,7.58,25,25
R1416,2024-04-01,P2,L4,S3,PR3,708,702,7.67,20,23
R1417,2024-04-01,P2,L5,S1,PR3,682,680,7.97,2,20
R1418,2024-04-01,P2,L5,S2,PR3,616,595,7.73,16,14
R1419,2024-04-01,P2,L5,S3,PR2,624,596,7.85,9,11
R1420,2024-04-01,P2,L6,S1,PR5,543,537,7.32,41,19
R1421,2024-04-01,P2,L6,S2,PR3,514,507,7.3,42,17
R1422,2024-04-01,P2,L6,S3,PR5,435,433,7.57,26,8
R1423,2024-04-02,P1,L1,S1,PR4,856,842,7.67,20,14
R1424,2024-04-02,P1,L1,S2,PR1,777,772,7.02,59,11
R1425,2024-04-02,P1,L1,S3,PR2,738,718,7.38,37,25
R1426,2024-04-02,P1,L2,S1,PR1,655,634,7.52,29,9
R1427,2024-04-02,P1,L2,S2,PR3,699,670,7.87,8,21
R1428,2024-04-02,P1,L2,S3,PR3,684,667,7.68,19,18
R1429,2024-04-02,P1,L3,S1,PR1,573,568,7.6,24,17
R1430,2024-04-02,P1,L3,S2,PR5,515,491,7.38,37,17
R1431,2024-04-02,P1,L3,S3,PR4,526,509,7.38,37,18
R1432,2024-04-02,P2,L4,S1,PR1,807,795,7.87,8,10
R1433,2024-04-02,P2,L4,S2,PR1,813,774,7.98,1,30
R1434,2024-04-02,P2,L4,S3,PR1,695,683,7.72,17,19
R1435,2024-04-02,P2,L5,S1,PR2,616,614,7.78,13,11
R1436,2024-04-02,P2,L5,S2,PR3,605,598,7.6,24,13
R1437,2024-04-02,P2,L5,S3,PR3,634,614,7.85,9,12
R1438,2024-04-02,P2,L6,S1,PR2,515,498,7.8,12,12
R1439,2024-04-02,P2,L6,S2,PR3,532,518,7.63,22,13
R1440,2024-04-02,P2,L6,S3,PR3,455,435,7.38,37,17
R1441,2024-04-03,P1,L1,S1,PR4,769,756,7.37,38,21
R1442,2024-04-03,P1,L1,S2,PR5,734,712,7.0,60,16
R1443,2024-04-03,P1,L1,S3,PR4,682,675,7.12,53,19
R1444,2024-04-03,P1,L2,S1,PR3,721,700,7.93,4,16
R1445,2024-04-03,P1,L2,S2,PR5,724,706,7.85,9,13
R1446,2024-04-03,P1,L2,S3,PR3,591,579,7.5,30,23
R1447,2024-04-03,P1,L3,S1,PR1,570,551,7.75,15,6
R1448,2024-04-03,P1,L3,S2,PR2,510,489,7.3,42,11
R1449,2024-04-03,P1,L3,S3,PR1,446,426,7.03,58,5
R1450,2024-04-03,P2,L4,S1,PR2,752,741,7.55,27,28
R1451,2024-04-03,P2,L4,S2,PR1,715,697,7.83,10,14
R1452,2024-04-03,P2,L4,S3,PR3,717,694,7.95,3,19
R1453,2024-04-03,P2,L5,S1,PR3,626,595,7.75,15,23
R1454,2024-04-03,P2,L5,S2,PR1,668,642,7.85,9,7
R1455,2024-04-03,P2,L5,S3,PR5,648,626,7.65,21,14
R1456,2024-04-03,P2,L6,S1,PR2,460,452,7.17,50,11
R1457,2024-04-03,P2,L6,S2,PR2,478,465,7.13,52,18
R1458,2024-04-03,P2,L6,S3,PR4,451,445,7.27,44,7
R1459,2024-04-04,P1,L1,S1,PR4,780,774,7.3,42,10
R1460,2024-04-04,P1,L1,S2,PR4,799,787,7.57,26,16
R1461,2024-04-04,P1,L1,S3,PR5,794,767,7.67,20,26
R1462,2024-04-04,P1,L2,S1,PR3,666,632,7.82,11,12
R1463,2024-04-04,P1,L2,S2,PR3,644,613,7.67,20,9
R1464,2024-04-04,P1,L2,S3,PR1,605,591,7.65,21,11
R1465,2024-04-04,P1,L3,S1,PR1,447,444,7.1,54,16
R1466,2024-04-04,P1,L3,S2,PR2,494,481,7.55,27,9
R1467,2024-04-04,P1,L3,S3,PR3,478,461,7.27,44,9
R1468,2024-04-04,P2,L4,S1,PR5,737,706,7.77,14,23
R1469,2024-04-04,P2,L4,S2,PR4,743,710,7.55,27,8
R1470,2024-04-04,P2,L4,S3,PR3,674,670,7.8,12,10
R1471,2024-04-04,P2,L5,S1,PR2,644,614,7.63,22,23
R1472,2024-04-04,P2,L5,S2,PR3,701,674,7.82,11,24
R1473,2024-04-04,P2,L5,S3,PR2,609,578,7.62,23,14
R1474,2024-04-04,P2,L6,S1,PR4,462,456,7.1,54,17
R1475,2024-04-04,P2,L6,S2,PR3,458,441,7.02,59,8
R1476,2024-04-04,P2,L6,S3,PR4,484,468,7.68,19,10
R1477,2024-04-05,P1,L1,S1,PR3,755,743,7.68,19,11
R1478,2024-04-05,P1,L1,S2,PR5,774,747,7.27,44,18
R1479,2024-04-05,P1,L1,S3,PR5,764,750,7.38,37,11
R1480,2024-04-05,P1,L2,S1,PR1,704,688,7.65,21,8
R1481,2024-04-05,P1,L2,S2,PR5,622,592,7.62,23,10
R1482,2024-04-05,P1,L2,S3,PR3,565,563,7.63,22,21
R1483,2024-04-05,P1,L3,S1,PR3,507,486,7.37,38,10
R1484,2024-04-05,P1,L3,S2,PR5,497,495,7.12,53,7
R1485,2024-04-05,P1,L3,S3,PR1,487,486,7.52,29,10
R1486,2024-04-05,P2,L4,S1,PR5,756,747,7.7,18,15
R1487,2024-04-05,P2,L4,S2,PR1,700,670,7.75,15,25
R1488,2024-04-05,P2,L4,S3,PR5,747,743,7.95,3,27
R1489,2024-04-05,P2,L5,S1,PR5,669,637,7.5,30,12
R1490,2024-04-05,P2,L5,S2,PR4,657,634,7.65,21,18
R1491,2024-04-05,P2,L5,S3,PR4,569,557,7.67,20,19
R1492,2024-04-05,P2,L6,S1,PR1,492,476,7.63,22,6
R1493,2024-04-05,P2,L6,S2,PR5,495,477,7.78,13,13
R1494,2024-04-05,P2,L6,S3,PR4,419,410,7.03,58,12
R1495,2024-04-06,P1,L1,S1,PR1,820,787,7.32,41,18
R1496,2024-04-06,P1,L1,S2,PR5,721,713,7.02,59,10
R1497,2024-04-06,P1,L1,S3,PR2,783,744,7.3,42,22
R1498,2024-04-06,P1,L2,S1,PR1,655,632,7.95,3,7
R1499,2024-04-06,P1,L2,S2,PR5,610,591,7.53,28,7
R1500,2024-04-06,P1,L2,S3,PR4,661,632,7.7,18,11
R1501,2024-04-06,P1,L3,S1,PR5,545,521,7.75,15,10
R1502,2024-04-06,P1,L3,S2,PR1,534,532,7.68,19,7
R1503,2024-04-06,P1,L3,S3,PR4,526,522,7.78,13,13
R1504,2024-04-06,P2,L4,S1,PR3,817,797,7.72,17,12
R1505,2024-04-06,P2,L4,S2,PR5,714,705,7.87,8,14
R1506,2024-04-06,P2,L4,S3,PR4,634,632,7.63,22,20
R1507,2024-04-06,P2,L5,S1,PR4,697,663,7.92,5,11
R1508,2024-04-06,P2,L5,S2,PR3,676,657,7.98,1,11
R1509,2024-04-06,P2,L5,S3,PR4,632,613,7.88,7,12
R1510,2024-04-06,P2,L6,S1,PR5,504,503,7.57,26,11
R1511,2024-04-06,P2,L6,S2,PR2,426,424,7.38,37,11
R1512,2024-04-06,P2,L6,S3,PR5,480,474,7.8,12,16
R1513,2024-04-08,P1,L1,S1,PR3,762,756,7.57,26,15
R1514,2024-04-08,P1,L1,S2,PR1,709,701,7.53,28,26
R1515,2024-04-08,P1,L1,S3,PR2,766,758,7.1,54,26
R1516,2024-04-08,P1,L2,S1,PR4,686,665,7.5,30,7
R1517,2024-04-08,P1,L2,S2,PR4,740,719,7.68,19,23
R1518,2024-04-08,P1,L2,S3,PR3,617,597,7.88,7,17
R1519,2024-04-08,P1,L3,S1,PR4,545,532,7.5,30,8
R1520,2024-04-08,P1,L3,S2,PR2,483,465,7.17,50,15
R1521,2024-04-08,P1,L3,S3,PR5,436,435,7.23,46,13
R1522,2024-04-08,P2,L4,S1,PR5,728,726,7.57,26,16
R1523,2024-04-08,P2,L4,S2,PR3,773,754,7.58,25,23
R1524,2024-04-08,P2,L4,S3,PR5,709,682,7.8,12,15
R1525,2024-04-08,P2,L5,S1,PR5,631,599,7.67,20,6
R1526,2024-04-08,P2,L5,S2,PR4,646,645,7.88,7,11
R1527,2024-04-08,P2,L5,S3,PR3,656,641,7.87,8,9
R1528,2024-04-08,P2,L6,S1,PR3,498,491,7.37,38,13
R1529,2024-04-08,P2,L6,S2,PR4,485,484,7.0,60,13
R1530,2024-04-08,P2,L6,S3,PR1,470,454,7.23,46,13
R1531,2024-04-09,P1,L1,S1,PR4,736,729,7.12,53,20
R1532,2024-04-09,P1,L1,S2,PR2,769,745,7.62,23,18
R1533,2024-04-09,P1,L1,S3,PR5,754,749,7.77,14,9
R1534,2024-04-09,P1,L2,S1,PR5,734,725,7.93,4,25
R1535,2024-04-09,P1,L2,S2,PR5,668,640,7.72,17,19
R1536,2024-04-09,P1,L2,S3,PR3,586,572,7.65,21,16
R1537,2024-04-09,P1,L3,S1,PR1,482,458,7.08,55,9
R1538,2024-04-09,P1,L3,S2,PR2,492,481,7.25,45,17
R1539,2024-04-09,P1,L3,S3,PR3,448,446,7.07,56,14
R1540,2024-04-09,P2,L4,S1,PR1,811,808,7.57,26,20
R1541,2024-04-09,P2,L4,S2,PR3,741,715,7.93,4,18
R1542,2024-04-09,P2,L4,S3,PR2,726,710,7.78,13,19
R1543,2024-04-09,P2,L5,S1,PR4,638,625,7.82,11,24
R1544,2024-04-09,P2,L5,S2,PR1,615,606,7.85,9,22
R1545,2024-04-09,P2,L5,S3,PR3,618,593,7.62,23,17
R1546,2024-04-09,P2,L6,S1,PR4,549,538,7.7,18,15
R1547,2024-04-09,P2,L6,S2,PR5,566,547,7.28,43,13
R1548,2024-04-09,P2,L6,S3,PR4,440,422,7.58,25,14
R1549,2024-04-10,P1,L1,S1,PR1,898,872,7.67,20,15
R1550,2024-04-10,P1,L1,S2,PR1,777,759,7.7,18,15
R1551,2024-04-10,P1,L1,S3,PR3,664,655,7.62,23,7
R1552,2024-04-10,P1,L2,S1,PR3,674,656,7.65,21,13
R1553,2024-04-10,P1,L2,S2,PR5,739,719,7.68,19,9
R1554,2024-04-10,P1,L2,S3,PR1,678,677,8.0,0,17
R1555,2024-04-10,P1,L3,S1,PR1,496,483,7.65,21,11
R1556,2024-04-10,P1,L3,S2,PR3,530,505,7.28,43,6
R1557,2024-04-10,P1,L3,S3,PR5,481,461,7.47,32,11
R1558,2024-04-10,P2,L4,S1,PR4,772,763,7.7,18,9
R1559,2024-04-10,P2,L4,S2,PR4,715,680,7.83,10,7
R1560,2024-04-10,P2,L4,S3,PR5,696,690,7.53,28,9
R1561,2024-04-10,P2,L5,S1,PR3,647,641,7.78,13,11
R1562,2024-04-10,P2,L5,S2,PR4,621,603,7.68,19,6
R1563,2024-04-10,P2,L5,S3,PR3,692,677,7.77,14,13
R1564,2024-04-10,P2,L6,S1,PR4,470,453,7.75,15,5
R1565,2024-04-10,P2,L6,S2,PR3,464,458,7.37,38,17
R1566,2024-04-10,P2,L6,S3,PR5,475,474,7.77,14,17
R1567,2024-04-11,P1,L1,S1,PR1,840,809,7.3,42,23
R1568,2024-04-11,P1,L1,S2,PR4,861,837,7.8,12,20
R1569,2024-04-11,P1,L1,S3,PR1,663,640,7.0,60,24
R1570,2024-04-11,P1,L2,S1,PR5,729,694,7.87,8,17
R1571,2024-04-11,P1,L2,S2,PR3,700,684,7.87,8,11
R1572,2024-04-11,P1,L2,S3,PR1,654,632,7.53,28,22
R1573,2024-04-11,P1,L3,S1,PR2,523,499,7.15,51,5
R1574,2024-04-11,P1,L3,S2,PR3,582,580,7.13,52,12
R1575,2024-04-11,P1,L3,S3,PR3,477,469,7.53,28,17
R1576,2024-04-11,P2,L4,S1,PR3,738,722,7.55,27,9
R1577,2024-04-11,P2,L4,S2,PR3,817,792,7.8,12,28
R1578,2024-04-11,P2,L4,S3,PR1,706,693,7.53,28,25
R1579,2024-04-11,P2,L5,S1,PR5,618,596,7.82,11,9
R1580,2024-04-11,P2,L5,S2,PR2,661,657,7.77,14,21
R1581,2024-04-11,P2,L5,S3,PR5,558,535,7.63,22,17
R1582,2024-04-11,P2,L6,S1,PR4,516,502,7.38,37,8
R1583,2024-04-11,P2,L6,S2,PR2,480,463,7.47,32,11
R1584,2024-04-11,P2,L6,S3,PR3,475,454,7.58,25,17
R1585,2024-04-12,P1,L1,S1,PR3,759,728,7.35,39,24
R1586,2024-04-12,P1,L1,S2,PR2,760,738,7.33,40,19
R1587,2024-04-12,P1,L1,S3,PR1,827,822,7.7,18,10
R1588,2024-04-12,P1,L2,S1,PR5,660,644,7.6,24,24
R1589,2024-04-12,P1,L2,S2,PR2,732,700,7.82,11,26
R1590,2024-04-12,P1,L2,S3,PR1,639,631,7.88,7,24
R1591,2024-04-12,P1,L3,S1,PR4,510,508,7.73,16,9
R1592,2024-04-12,P1,L3,S2,PR3,542,523,7.13,52,16
R1593,2024-04-12,P1,L3,S3,PR3,500,493,7.28,43,5
R1594,2024-04-12,P2,L4,S1,PR5,712,690,7.62,23,12
R1595,2024-04-12,P2,L4,S2,PR3,819,818,7.87,8,17
R1596,2024-04-12,P2,L4,S3,PR5,751,743,7.82,11,17
R1597,2024-04-12,P2,L5,S1,PR1,651,649,7.88,7,10
R1598,2024-04-12,P2,L5,S2,PR4,655,632,7.73,16,20
R1599,2024-04-12,P2,L5,S3,PR3,665,646,7.72,17,20
R1600,2024-04-12,P2,L6,S1,PR3,460,442,7.65,21,5
R1601,2024-04-12,P2,L6,S2,PR3,490,469,7.53,28,9
R1602,2024-04-12,P2,L6,S3,PR2,388,376,7.05,57,4
R1603,2024-04-13,P1,L1,S1,PR3,846,810,7.6,24,22
R1604,2024-04-13,P1,L1,S2,PR2,826,812,7.73,16,18
R1605,2024-04-13,P1,L1,S3,PR1,704,686,7.4,36,7
R1606,2024-04-13,P1,L2,S1,PR4,768,756,7.98,1,22
R1607,2024-04-13,P1,L2,S2,PR3,690,689,7.9,6,15
R1608,2024-04-13,P1,L2,S3,PR5,622,606,7.68,19,22
R1609,2024-04-13,P1,L3,S1,PR2,529,523,7.27,44,18
R1610,2024-04-13,P1,L3,S2,PR1,545,530,7.08,55,12
R1611,2024-04-13,P1,L3,S3,PR1,520,512,7.67,20,6
R1612,2024-04-13,P2,L4,S1,PR5,760,754,7.9,6,18
R1613,2024-04-13,P2,L4,S2,PR3,744,722,7.65,21,26
R1614,2024-04-13,P2,L4,S3,PR1,671,644,7.7,18,22
R1615,2024-04-13,P2,L5,S1,PR2,633,632,7.87,8,16
R1616,2024-04-13,P2,L5,S2,PR2,636,613,7.58,25,14
R1617,2024-04-13,P2,L5,S3,PR4,577,553,7.52,29,7
R1618,2024-04-13,P2,L6,S1,PR1,509,491,7.38,37,16
R1619,2024-04-13,P2,L6,S2,PR1,458,438,7.62,23,8
R1620,2024-04-13,P2,L6,S3,PR5,462,460,7.5,30,9
R1621,2024-04-15,P1,L1,S1,PR1,810,776,7.68,19,28
R1622,2024-04-15,P1,L1,S2,PR3,841,818,7.83,10,25
R1623,2024-04-15,P1,L1,S3,PR5,735,708,7.27,44,10
R1624,2024-04-15,P1,L2,S1,PR3,649,617,7.6,24,6
R1625,2024-04-15,P1,L2,S2,PR3,650,632,7.6,24,17
R1626,2024-04-15,P1,L2,S3,PR2,651,632,7.68,19,6
R1627,2024-04-15,P1,L3,S1,PR2,556,540,7.73,16,14
R1628,2024-04-15,P1,L3,S2,PR2,531,517,7.43,34,11
R1629,2024-04-15,P1,L3,S3,PR1,525,523,7.42,35,20
R1630,2024-04-15,P2,L4,S1,PR2,696,678,7.9,6,15
R1631,2024-04-15,P2,L4,S2,PR1,755,727,7.7,18,13
R1632,2024-04-15,P2,L4,S3,PR5,645,625,7.57,26,24
R1633,2024-04-15,P2,L5,S1,PR5,665,634,7.92,5,9
R1634,2024-04-15,P2,L5,S2,PR1,638,620,7.92,5,15
R1635,2024-04-15,P2,L5,S3,PR4,565,539,7.57,26,10
R1636,2024-04-15,P2,L6,S1,PR2,437,436,7.08,55,16
R1637,2024-04-15,P2,L6,S2,PR5,486,483,7.05,57,4
R1638,2024-04-15,P2,L6,S3,PR3,422,418,7.65,21,16
R1639,2024-04-16,P1,L1,S1,PR1,795,755,7.52,29,13
R1640,2024-04-16,P1,L1,S2,PR1,851,827,7.82,11,25
R1641,2024-04-16,P1,L1,S3,PR5,719,702,7.08,55,15
R1642,2024-04-16,P1,L2,S1,PR4,621,595,7.87,8,23
R1643,2024-04-16,P1,L2,S2,PR4,699,685,7.95,3,11
R1644,2024-04-16,P1,L2,S3,PR3,687,671,7.73,16,20
R1645,2024-04-16,P1,L3,S1,PR1,518,507,7.25,45,10
R1646,2024-04-16,P1,L3,S2,PR2,500,494,7.1,54,7
R1647,2024-04-16,P1,L3,S3,PR4,462,448,7.68,19,14
R1648,2024-04-16,P2,L4,S1,PR4,696,678,7.72,17,22
R1649,2024-04-16,P2,L4,S2,PR5,687,680,7.93,4,11
R1650,2024-04-16,P2,L4,S3,PR4,753,723,7.83,10,18
R1651,2024-04-16,P2,L5,S1,PR3,651,632,7.72,17,24
R1652,2024-04-16,P2,L5,S2,PR4,747,730,7.95,3,26
R1653,2024-04-16,P2,L5,S3,PR5,612,607,7.67,20,16
R1654,2024-04-16,P2,L6,S1,PR5,467,460,7.55,27,9
R1655,2024-04-16,P2,L6,S2,PR1,459,445,7.0,60,16
R1656,2024-04-16,P2,L6,S3,PR1,454,436,7.72,17,17
R1657,2024-04-17,P1,L1,S1,PR4,793,791,7.2,48,18
R1658,2024-04-17,P1,L1,S2,PR1,794,767,7.65,21,19
R1659,2024-04-17,P1,L1,S3,PR1,664,655,7.15,51,7
R1660,2024-04-17,P1,L2,S1,PR1,736,701,7.95,3,15
R1661,2024-04-17,P1,L2,S2,PR3,632,615,7.78,13,12
R1662,2024-04-17,P1,L2,S3,PR2,606,581,7.82,11,11
R1663,2024-04-17,P1,L3,S1,PR3,506,491,7.22,47,13
R1664,2024-04-17,P1,L3,S2,PR1,548,547,7.63,22,9
R1665,2024-04-17,P1,L3,S3,PR2,509,499,7.17,50,6
R1666,2024-04-17,P2,L4,S1,PR1,813,799,7.97,2,9
R1667,2024-04-17,P2,L4,S2,PR5,809,777,7.7,18,27
R1668,2024-04-17,P2,L4,S3,PR3,719,684,7.6,24,24
R1669,2024-04-17,P2,L5,S1,PR1,591,565,7.73,16,21
R1670,2024-04-17,P2,L5,S2,PR1,648,617,7.85,9,9
R1671,2024-04-17,P2,L5,S3,PR4,671,655,7.93,4,9
R1672,2024-04-17,P2,L6,S1,PR5,454,437,7.53,28,7
R1673,2024-04-17,P2,L6,S2,PR2,478,470,7.43,34,7
R1674,2024-04-17,P2,L6,S3,PR1,427,413,7.48,31,8
R1675,2024-04-18,P1,L1,S1,PR1,787,750,7.73,16,14
R1676,2024-04-18,P1,L1,S2,PR5,810,780,7.37,38,19
R1677,2024-04-18,P1,L1,S3,PR3,743,737,7.25,45,15
R1678,2024-04-18,P1,L2,S1,PR2,702,691,7.82,11,13
R1679,2024-04-18,P1,L2,S2,PR1,705,670,7.95,3,14
R1680,2024-04-18,P1,L2,S3,PR1,641,619,7.88,7,19
R1681,2024-04-18,P1,L3,S1,PR4,519,514,7.72,17,9
R1682,2024-04-18,P1,L3,S2,PR5,561,545,7.53,28,17
R1683,2024-04-18,P1,L3,S3,PR3,532,521,7.7,18,19
R1684,2024-04-18,P2,L4,S1,PR4,723,692,8.0,0,22
R1685,2024-04-18,P2,L4,S2,PR4,661,643,7.55,27,12
R1686,2024-04-18,P2,L4,S3,PR3,729,713,7.75,15,26
R1687,2024-04-18,P2,L5,S1,PR4,714,696,7.7,18,8
R1688,2024-04-18,P2,L5,S2,PR3,673,647,7.62,23,16
R1689,2024-04-18,P2,L5,S3,PR5,570,555,7.67,20,10
R1690,2024-04-18,P2,L6,S1,PR3,450,433,7.05,57,10
R1691,2024-04-18,P2,L6,S2,PR4,518,494,7.68,19,16
R1692,2024-04-18,P2,L6,S3,PR4,471,466,7.27,44,15
R1693,2024-04-19,P1,L1,S1,PR5,811,804,7.55,27,21
R1694,2024-04-19,P1,L1,S2,PR2,763,749,7.58,25,17
R1695,2024-04-19,P1,L1,S3,PR3,734,720,7.62,23,8
R1696,2024-04-19,P1,L2,S1,PR5,664,645,7.53,28,12
R1697,2024-04-19,P1,L2,S2,PR4,649,638,7.87,8,21
R1698,2024-04-19,P1,L2,S3,PR3,640,613,7.65,21,8
R1699,2024-04-19,P1,L3,S1,PR5,433,413,7.12,53,12
R1700,2024-04-19,P1,L3,S2,PR5,573,569,7.3,42,19
R1701,2024-04-19,P1,L3,S3,PR3,496,473,7.78,13,5
R1702,2024-04-19,P2,L4,S1,PR3,776,747,7.93,4,10
R1703,2024-04-19,P2,L4,S2,PR1,719,716,7.73,16,20
R1704,2024-04-19,P2,L4,S3,PR5,632,626,7.58,25,19
R1705,2024-04-19,P2,L5,S1,PR2,678,653,7.97,2,19
R1706,2024-04-19,P2,L5,S2,PR1,637,616,7.87,8,24
R1707,2024-04-19,P2,L5,S3,PR3,565,563,7.58,25,6
R1708,2024-04-19,P2,L6,S1,PR2,476,468,7.63,22,14
R1709,2024-04-19,P2,L6,S2,PR2,474,465,7.0,60,6
R1710,2024-04-19,P2,L6,S3,PR1,485,476,7.33,40,18
R1711,2024-04-20,P1,L1,S1,PR3,789,751,7.53,28,15
R1712,2024-04-20,P1,L1,S2,PR3,848,840,7.67,20,26
R1713,2024-04-20,P1,L1,S3,PR4,686,666,7.18,49,16
R1714,2024-04-20,P1,L2,S1,PR1,695,692,7.93,4,20
R1715,2024-04-20,P1,L2,S2,PR5,690,657,7.73,16,25
R1716,2024-04-20,P1,L2,S3,PR2,560,542,7.65,21,13
R1717,2024-04-20,P1,L3,S1,PR2,579,569,7.63,22,17
R1718,2024-04-20,P1,L3,S2,PR4,509,490,7.72,17,9
R1719,2024-04-20,P1,L3,S3,PR3,480,456,7.08,55,12
R1720,2024-04-20,P2,L4,S1,PR5,701,696,7.62,23,25
R1721,2024-04-20,P2,L4,S2,PR3,687,655,7.9,6,19
R1722,2024-04-20,P2,L4,S3,PR5,608,602,7.7,18,10
R1723,2024-04-20,P2,L5,S1,PR2,695,690,7.8,12,11
R1724,2024-04-20,P2,L5,S2,PR5,624,609,7.58,25,9
R1725,2024-04-20,P2,L5,S3,PR4,646,615,7.93,4,21
R1726,2024-04-20,P2,L6,S1,PR3,501,486,7.32,41,9
R1727,2024-04-20,P2,L6,S2,PR3,474,468,7.57,26,12
R1728,2024-04-20,P2,L6,S3,PR2,444,425,7.1,54,6
R1729,2024-04-22,P1,L1,S1,PR2,817,776,7.27,44,8
R1730,2024-04-22,P1,L1,S2,PR2,791,774,7.37,38,26
R1731,2024-04-22,P1,L1,S3,PR3,685,671,7.4,36,12
R1732,2024-04-22,P1,L2,S1,PR3,631,600,7.77,14,19
R1733,2024-04-22,P1,L2,S2,PR2,740,730,7.88,7,22
R1734,2024-04-22,P1,L2,S3,PR4,714,685,7.75,15,14
R1735,2024-04-22,P1,L3,S1,PR3,538,536,7.3,42,15
R1736,2024-04-22,P1,L3,S2,PR2,534,512,7.42,35,6
R1737,2024-04-22,P1,L3,S3,PR5,494,484,7.3,42,16
R1738,2024-04-22,P2,L4,S1,PR4,780,768,7.52,29,26
R1739,2024-04-22,P2,L4,S2,PR2,714,701,7.58,25,13
R1740,2024-04-22,P2,L4,S3,PR2,758,756,7.95,3,8
R1741,2024-04-22,P2,L5,S1,PR2,607,598,7.8,12,9
R1742,2024-04-22,P2,L5,S2,PR2,652,627,7.68,19,15
R1743,2024-04-22,P2,L5,S3,PR4,633,617,7.83,10,23
R1744,2024-04-22,P2,L6,S1,PR1,498,476,7.82,11,13
R1745,2024-04-22,P2,L6,S2,PR1,477,469,7.48,31,13
R1746,2024-04-22,P2,L6,S3,PR2,444,438,7.35,39,8
R1747,2024-04-23,P1,L1,S1,PR5,692,691,7.48,31,12
R1748,2024-04-23,P1,L1,S2,PR3,690,665,7.02,59,13
R1749,2024-04-23,P1,L1,S3,PR3,675,672,7.5,30,12
R1750,2024-04-23,P1,L2,S1,PR3,701,697,7.78,13,9
R1751,2024-04-23,P1,L2,S2,PR5,716,686,7.83,10,26
R1752,2024-04-23,P1,L2,S3,PR2,652,634,7.73,16,24
R1753,2024-04-23,P1,L3,S1,PR5,460,441,7.02,59,8
R1754,2024-04-23,P1,L3,S2,PR3,583,556,7.82,11,7
R1755,2024-04-23,P1,L3,S3,PR1,502,496,7.65,21,7
R1756,2024-04-23,P2,L4,S1,PR2,734,702,8.0,0,20
R1757,2024-04-23,P2,L4,S2,PR1,716,703,7.62,23,18
R1758,2024-04-23,P2,L4,S3,PR4,774,761,7.97,2,23
R1759,2024-04-23,P2,L5,S1,PR1,603,574,7.83,10,13
R1760,2024-04-23,P2,L5,S2,PR4,692,688,7.93,4,18
R1761,2024-04-23,P2,L5,S3,PR4,621,610,7.65,21,24
R1762,2024-04-23,P2,L6,S1,PR3,487,486,7.77,14,14
R1763,2024-04-23,P2,L6,S2,PR1,530,506,7.72,17,16
R1764,2024-04-23,P2,L6,S3,PR5,453,450,7.58,25,9
R1765,2024-04-24,P1,L1,S1,PR4,730,709,7.35,39,13
R1766,2024-04-24,P1,L1,S2,PR2,918,907,7.83,10,34
R1767,2024-04-24,P1,L1,S3,PR3,792,762,7.78,13,9
R1768,2024-04-24,P1,L2,S1,PR3,709,683,7.8,12,25
R1769,2024-04-24,P1,L2,S2,PR4,743,715,7.83,10,22
R1770,2024-04-24,P1,L2,S3,PR4,662,629,7.6,24,13
R1771,2024-04-24,P1,L3,S1,PR1,500,495,7.53,28,8
R1772,2024-04-24,P1,L3,S2,PR2,554,544,7.72,17,12
R1773,2024-04-24,P1,L3,S3,PR1,453,430,7.22,47,16
R1774,2024-04-24,P2,L4,S1,PR2,784,755,8.0,0,26
R1775,2024-04-24,P2,L4,S2,PR1,801,799,7.9,6,29
R1776,2024-04-24,P2,L4,S3,PR5,663,646,7.85,9,21
R1777,2024-04-24,P2,L5,S1,PR3,634,610,7.85,9,21
R1778,2024-04-24,P2,L5,S2,PR2,654,633,7.97,2,8
R1779,2024-04-24,P2,L5,S3,PR3,579,554,7.92,5,21
R1780,2024-04-24,P2,L6,S1,PR5,570,564,7.83,10,10
R1781,2024-04-24,P2,L6,S2,PR3,467,465,7.0,60,11
R1782,2024-04-24,P2,L6,S3,PR1,434,430,7.42,35,10
R1783,2024-04-25,P1,L1,S1,PR3,819,785,7.33,40,16
R1784,2024-04-25,P1,L1,S2,PR3,853,837,7.68,19,10
R1785,2024-04-25,P1,L1,S3,PR4,721,720,7.02,59,17
R1786,2024-04-25,P1,L2,S1,PR3,609,603,7.9,6,13
R1787,2024-04-25,P1,L2,S2,PR1,696,692,7.73,16,15
R1788,2024-04-25,P1,L2,S3,PR4,686,672,7.67,20,19
R1789,2024-04-25,P1,L3,S1,PR1,474,452,7.18,49,4
R1790,2024-04-25,P1,L3,S2,PR4,515,511,7.43,34,8
R1791,2024-04-25,P1,L3,S3,PR4,513,495,7.43,34,12
R1792,2024-04-25,P2,L4,S1,PR4,734,703,7.97,2,27
R1793,2024-04-25,P2,L4,S2,PR1,827,791,7.9,6,8
R1794,2024-04-25,P2,L4,S3,PR3,697,662,7.88,7,18
R1795,2024-04-25,P2,L5,S1,PR4,667,633,7.5,30,14
R1796,2024-04-25,P2,L5,S2,PR5,556,548,7.93,4,12
R1797,2024-04-25,P2,L5,S3,PR1,575,569,7.72,17,15
R1798,2024-04-25,P2,L6,S1,PR1,497,477,7.22,47,8
R1799,2024-04-25,P2,L6,S2,PR2,515,499,7.35,39,8
R1800,2024-04-25,P2,L6,S3,PR1,463,459,7.27,44,13
R1801,2024-04-26,P1,L1,S1,PR1,729,699,7.18,49,20
R1802,2024-04-26,P1,L1,S2,PR2,622,602,7.07,56,24
R1803,2024-04-26,P1,L1,S3,PR1,664,649,7.6,24,24
R1804,2024-04-26,P1,L2,S1,PR5,579,573,7.85,9,13
R1805,2024-04-26,P1,L2,S2,PR1,706,688,7.75,15,10
R1806,2024-04-26,P1,L2,S3,PR2,696,677,7.65,21,11
R1807,2024-04-26,P1,L3,S1,PR1,524,522,7.55,27,13
R1808,2024-04-26,P1,L3,S2,PR5,538,528,7.38,37,13
R1809,2024-04-26,P1,L3,S3,PR3,483,461,7.42,35,13
R1810,2024-04-26,P2,L4,S1,PR2,690,670,7.53,28,22
R1811,2024-04-26,P2,L4,S2,PR1,735,713,7.85,9,26
R1812,2024-04-26,P2,L4,S3,PR1,690,680,7.78,13,15
R1813,2024-04-26,P2,L5,S1,PR4,620,619,7.8,12,18
R1814,2024-04-26,P2,L5,S2,PR3,645,621,7.7,18,17
R1815,2024-04-26,P2,L5,S3,PR4,647,622,7.98,1,19
R1816,2024-04-26,P2,L6,S1,PR2,452,446,7.3,42,13
R1817,2024-04-26,P2,L6,S2,PR4,522,497,7.55,27,9
R1818,2024-04-26,P2,L6,S3,PR5,443,426,7.02,59,16
R1819,2024-04-27,P1,L1,S1,PR4,865,851,7.57,26,13
R1820,2024-04-27,P1,L1,S2,PR5,752,723,7.42,35,13
R1821,2024-04-27,P1,L1,S3,PR5,677,643,7.45,33,23
R1822,2024-04-27,P1,L2,S1,PR1,683,681,7.98,1,13
R1823,2024-04-27,P1,L2,S2,PR3,734,702,7.92,5,10
R1824,2024-04-27,P1,L2,S3,PR5,676,668,7.9,6,19
R1825,2024-04-27,P1,L3,S1,PR5,540,521,7.62,23,10
R1826,2024-04-27,P1,L3,S2,PR4,487,481,7.12,53,16
R1827,2024-04-27,P1,L3,S3,PR2,484,469,7.05,57,15
R1828,2024-04-27,P2,L4,S1,PR3,768,748,8.0,0,27
R1829,2024-04-27,P2,L4,S2,PR3,710,703,7.6,24,24
R1830,2024-04-27,P2,L4,S3,PR1,735,708,7.78,13,27
R1831,2024-04-27,P2,L5,S1,PR2,748,734,7.88,7,7
R1832,2024-04-27,P2,L5,S2,PR4,675,673,7.57,26,7
R1833,2024-04-27,P2,L5,S3,PR5,652,641,7.93,4,22
R1834,2024-04-27,P2,L6,S1,PR5,520,494,7.83,10,12
R1835,2024-04-27,P2,L6,S2,PR2,514,490,7.83,10,14
R1836,2024-04-27,P2,L6,S3,PR1,355,346,7.05,57,11
R1837,2024-04-29,P1,L1,S1,PR4,702,689,7.13,52,10
R1838,2024-04-29,P1,L1,S2,PR5,800,794,7.6,24,22
R1839,2024-04-29,P1,L1,S3,PR4,724,710,7.63,22,12
R1840,2024-04-29,P1,L2,S1,PR5,665,658,7.55,27,22
R1841,2024-04-29,P1,L2,S2,PR2,662,643,7.53,28,20
R1842,2024-04-29,P1,L2,S3,PR2,679,649,7.98,1,17
R1843,2024-04-29,P1,L3,S1,PR3,516,500,7.72,17,17
R1844,2024-04-29,P1,L3,S2,PR4,521,517,7.37,38,6
R1845,2024-04-29,P1,L3,S3,PR5,465,462,7.12,53,6
R1846,2024-04-29,P2,L4,S1,PR3,729,718,7.72,17,9
R1847,2024-04-29,P2,L4,S2,PR4,693,685,7.83,10,11
R1848,2024-04-29,P2,L4,S3,PR5,783,768,7.97,2,13
R1849,2024-04-29,P2,L5,S1,PR5,684,654,7.88,7,23
R1850,2024-04-29,P2,L5,S2,PR3,670,656,7.85,9,9
R1851,2024-04-29,P2,L5,S3,PR1,579,570,7.92,5,18
R1852,2024-04-29,P2,L6,S1,PR2,487,465,7.5,30,11
R1853,2024-04-29,P2,L6,S2,PR1,521,508,7.62,23,11
R1854,2024-04-29,P2,L6,S3,PR3,477,473,7.67,20,11
R1855,2024-04-30,P1,L1,S1,PR4,709,703,7.17,50,24
R1856,2024-04-30,P1,L1,S2,PR5,676,655,7.82,11,13
R1857,2024-04-30,P1,L1,S3,PR4,834,802,7.18,49,27
R1858,2024-04-30,P1,L2,S1,PR3,649,632,7.52,29,12
R1859,2024-04-30,P1,L2,S2,PR2,654,652,7.55,27,12
R1860,2024-04-30,P1,L2,S3,PR2,618,592,7.63,22,14
R1861,2024-04-30,P1,L3,S1,PR1,516,504,7.13,52,10
R1862,2024-04-30,P1,L3,S2,PR1,483,469,7.72,17,18
R1863,2024-04-30,P1,L3,S3,PR1,425,408,7.0,60,9
R1864,2024-04-30,P2,L4,S1,PR1,726,717,7.82,11,11
R1865,2024-04-30,P2,L4,S2,PR4,824,796,7.88,7,21
R1866,2024-04-30,P2,L4,S3,PR3,673,646,7.57,26,20
R1867,2024-04-30,P2,L5,S1,PR2,650,628,7.65,21,19
R1868,2024-04-30,P2,L5,S2,PR5,651,628,7.9,6,23
R1869,2024-04-30,P2,L5,S3,PR5,587,572,7.52,29,7
R1870,2024-04-30,P2,L6,S1,PR1,487,467,7.47,32,17
R1871,2024-04-30,P2,L6,S2,PR2,492,490,7.48,31,12
R1872,2024-04-30,P2,L6,S3,PR4,464,447,7.35,39,13
R1873,2024-05-01,P1,L1,S1,PR1,810,771,7.32,41,10
R1874,2024-05-01,P1,L1,S2,PR2,763,724,7.75,15,28
R1875,2024-05-01,P1,L1,S3,PR5,751,732,7.28,43,13
R1876,2024-05-01,P1,L2,S1,PR4,683,654,7.5,30,12
R1877,2024-05-01,P1,L2,S2,PR3,715,698,7.55,27,8
R1878,2024-05-01,P1,L2,S3,PR1,600,570,7.53,28,7
R1879,2024-05-01,P1,L3,S1,PR5,552,541,7.55,27,18
R1880,2024-05-01,P1,L3,S2,PR2,537,522,7.7,18,10
R1881,2024-05-01,P1,L3,S3,PR2,456,444,7.12,53,10
R1882,2024-05-01,P2,L4,S1,PR2,772,757,7.77,14,29
R1883,2024-05-01,P2,L4,S2,PR3,822,782,7.97,2,9
R1884,2024-05-01,P2,L4,S3,PR4,802,769,7.7,18,8
R1885,2024-05-01,P2,L5,S1,PR4,665,636,7.58,25,22
R1886,2024-05-01,P2,L5,S2,PR2,687,657,7.8,12,12
R1887,2024-05-01,P2,L5,S3,PR1,573,551,7.58,25,13
R1888,2024-05-01,P2,L6,S1,PR3,461,447,7.57,26,17
R1889,2024-05-01,P2,L6,S2,PR4,511,486,7.68,19,17
R1890,2024-05-01,P2,L6,S3,PR4,460,448,7.63,22,11
R1891,2024-05-02,P1,L1,S1,PR3,693,665,7.07,56,13
R1892,2024-05-02,P1,L1,S2,PR3,750,734,7.02,59,11
R1893,2024-05-02,P1,L1,S3,PR3,746,713,7.82,11,10
R1894,2024-05-02,P1,L2,S1,PR4,708,697,7.63,22,20
R1895,2024-05-02,P1,L2,S2,PR1,661,635,7.9,6,22
R1896,2024-05-02,P1,L2,S3,PR5,641,615,7.52,29,7
R1897,2024-05-02,P1,L3,S1,PR3,502,499,7.47,32,14
R1898,2024-05-02,P1,L3,S2,PR4,560,534,7.3,42,20
R1899,2024-05-02,P1,L3,S3,PR5,462,448,7.33,40,5
R1900,2024-05-02,P2,L4,S1,PR3,684,666,7.6,24,9
R1901,2024-05-02,P2,L4,S2,PR2,663,655,7.58,25,22
R1902,2024-05-02,P2,L4,S3,PR2,645,617,7.58,25,12
R1903,2024-05-02,P2,L5,S1,PR2,623,616,7.92,5,19
R1904,2024-05-02,P2,L5,S2,PR5,647,620,7.92,5,13
R1905,2024-05-02,P2,L5,S3,PR1,630,602,7.87,8,23
R1906,2024-05-02,P2,L6,S1,PR2,487,481,7.75,15,10
R1907,2024-05-02,P2,L6,S2,PR4,519,507,7.52,29,7
R1908,2024-05-02,P2,L6,S3,PR1,449,435,7.15,51,15
R1909,2024-05-03,P1,L1,S1,PR1,883,877,7.77,14,32
R1910,2024-05-03,P1,L1,S2,PR4,878,874,7.75,15,11
R1911,2024-05-03,P1,L1,S3,PR1,790,780,7.22,47,21
R1912,2024-05-03,P1,L2,S1,PR1,681,652,7.62,23,22
R1913,2024-05-03,P1,L2,S2,PR1,643,625,7.5,30,9
R1914,2024-05-03,P1,L2,S3,PR2,638,616,7.58,25,6
R1915,2024-05-03,P1,L3,S1,PR2,554,543,7.42,35,16
R1916,2024-05-03,P1,L3,S2,PR4,466,462,7.57,26,7
R1917,2024-05-03,P1,L3,S3,PR3,514,513,7.75,15,6
R1918,2024-05-03,P2,L4,S1,PR2,828,799,8.0,0,23
R1919,2024-05-03,P2,L4,S2,PR4,756,720,7.57,26,19
R1920,2024-05-03,P2,L4,S3,PR1,695,680,7.72,17,20
R1921,2024-05-03,P2,L5,S1,PR4,635,630,7.93,4,9
R1922,2024-05-03,P2,L5,S2,PR1,584,578,7.57,26,15
R1923,2024-05-03,P2,L5,S3,PR4,625,600,7.57,26,16
R1924,2024-05-03,P2,L6,S1,PR3,543,539,7.8,12,12
R1925,2024-05-03,P2,L6,S2,PR3,504,482,7.67,20,10
R1926,2024-05-03,P2,L6,S3,PR3,453,451,7.07,56,8
R1927,2024-05-04,P1,L1,S1,PR4,757,746,7.45,33,14
R1928,2024-05-04,P1,L1,S2,PR5,762,753,7.32,41,17
R1929,2024-05-04,P1,L1,S3,PR3,852,825,7.83,10,19
R1930,2024-05-04,P1,L2,S1,PR4,693,671,7.92,5,14
R1931,2024-05-04,P1,L2,S2,PR2,759,734,8.0,0,18
R1932,2024-05-04,P1,L2,S3,PR1,632,621,7.57,26,11
R1933,2024-05-04,P1,L3,S1,PR2,521,513,7.28,43,14
R1934,2024-05-04,P1,L3,S2,PR4,514,504,7.37,38,5
R1935,2024-05-04,P1,L3,S3,PR5,488,476,7.27,44,9
R1936,2024-05-04,P2,L4,S1,PR4,868,828,7.9,6,13
R1937,2024-05-04,P2,L4,S2,PR5,726,706,7.55,27,8
R1938,2024-05-04,P2,L4,S3,PR1,733,697,7.77,14,21
R1939,2024-05-04,P2,L5,S1,PR3,688,661,7.92,5,21
R1940,2024-05-04,P2,L5,S2,PR4,778,745,7.92,5,11
R1941,2024-05-04,P2,L5,S3,PR1,549,528,7.82,11,15
R1942,2024-05-04,P2,L6,S1,PR2,455,447,7.03,58,15
R1943,2024-05-04,P2,L6,S2,PR2,468,451,7.4,36,17
R1944,2024-05-04,P2,L6,S3,PR4,458,448,7.43,34,14
R1945,2024-05-06,P1,L1,S1,PR2,778,740,7.37,38,20
R1946,2024-05-06,P1,L1,S2,PR5,796,792,7.65,21,30
R1947,2024-05-06,P1,L1,S3,PR1,672,670,7.73,16,20
R1948,2024-05-06,P1,L2,S1,PR2,772,735,7.87,8,17
R1949,2024-05-06,P1,L2,S2,PR1,676,657,7.77,14,18
R1950,2024-05-06,P1,L2,S3,PR2,592,572,7.9,6,8
R1951,2024-05-06,P1,L3,S1,PR4,535,526,7.08,55,10
R1952,2024-05-06,P1,L3,S2,PR5,529,527,7.52,29,19
R1953,2024-05-06,P1,L3,S3,PR1,486,485,7.02,59,17
R1954,2024-05-06,P2,L4,S1,PR1,763,747,7.65,21,19
R1955,2024-05-06,P2,L4,S2,PR5,841,822,7.73,16,26
R1956,2024-05-06,P2,L4,S3,PR3,669,644,7.65,21,17
R1957,2024-05-06,P2,L5,S1,PR4,627,619,7.58,25,19
R1958,2024-05-06,P2,L5,S2,PR2,632,631,7.93,4,11
R1959,2024-05-06,P2,L5,S3,PR2,537,521,7.78,13,18
R1960,2024-05-06,P2,L6,S1,PR3,493,485,7.48,31,17
R1961,2024-05-06,P2,L6,S2,PR3,515,490,7.67,20,17
R1962,2024-05-06,P2,L6,S3,PR5,472,456,7.72,17,8
R1963,2024-05-07,P1,L1,S1,PR5,809,770,7.37,38,15
R1964,2024-05-07,P1,L1,S2,PR3,821,815,7.77,14,17
R1965,2024-05-07,P1,L1,S3,PR2,697,675,7.15,51,25
R1966,2024-05-07,P1,L2,S1,PR3,650,642,8.0,0,16
R1967,2024-05-07,P1,L2,S2,PR4,697,664,7.93,4,11
R1968,2024-05-07,P1,L2,S3,PR5,667,648,7.9,6,9
R1969,2024-05-07,P1,L3,S1,PR3,524,516,7.2,48,19
R1970,2024-05-07,P1,L3,S2,PR5,482,479,7.52,29,12
R1971,2024-05-07,P1,L3,S3,PR5,495,483,7.32,41,6
R1972,2024-05-07,P2,L4,S1,PR2,797,762,7.6,24,19
R1973,2024-05-07,P2,L4,S2,PR3,768,766,7.53,28,18
R1974,2024-05-07,P2,L4,S3,PR1,791,753,7.6,24,19
R1975,2024-05-07,P2,L5,S1,PR3,573,570,7.65,21,8
R1976,2024-05-07,P2,L5,S2,PR4,613,601,7.65,21,13
R1977,2024-05-07,P2,L5,S3,PR1,599,576,7.65,21,17
R1978,2024-05-07,P2,L6,S1,PR2,498,496,7.7,18,8
R1979,2024-05-07,P2,L6,S2,PR1,454,452,7.2,48,14
R1980,2024-05-07,P2,L6,S3,PR2,461,453,7.38,37,15
R1981,2024-05-08,P1,L1,S1,PR1,808,796,7.55,27,30
R1982,2024-05-08,P1,L1,S2,PR1,749,730,7.07,56,9
R1983,2024-05-08,P1,L1,S3,PR1,690,675,7.42,35,16
R1984,2024-05-08,P1,L2,S1,PR4,676,663,7.65,21,6
R1985,2024-05-08,P1,L2,S2,PR2,661,659,7.53,28,14
R1986,2024-05-08,P1,L2,S3,PR4,595,577,7.83,10,18
R1987,2024-05-08,P1,L3,S1,PR2,450,436,7.03,58,7
R1988,2024-05-08,P1,L3,S2,PR1,543,542,7.38,37,7
R1989,2024-05-08,P1,L3,S3,PR3,490,470,7.5,30,15
R1990,2024-05-08,P2,L4,S1,PR4,768,737,7.97,2,9
R1991,2024-05-08,P2,L4,S2,PR3,754,719,7.92,5,24
R1992,2024-05-08,P2,L4,S3,PR5,685,677,7.52,29,25
R1993,2024-05-08,P2,L5,S1,PR3,675,643,7.88,7,21
R1994,2024-05-08,P2,L5,S2,PR4,671,665,7.67,20,22
R1995,2024-05-08,P2,L5,S3,PR1,570,565,8.0,0,17
R1996,2024-05-08,P2,L6,S1,PR3,503,502,7.6,24,7
R1997,2024-05-08,P2,L6,S2,PR2,462,457,7.3,42,7
R1998,2024-05-08,P2,L6,S3,PR4,464,442,7.77,14,17
R1999,2024-05-09,P1,L1,S1,PR3,782,764,7.0,60,28
R2000,2024-05-09,P1,L1,S2,PR5,728,725,7.07,56,7
R2001,2024-05-09,P1,L1,S3,PR5,743,730,7.52,29,26
R2002,2024-05-09,P1,L2,S1,PR3,659,641,7.58,25,18
R2003,2024-05-09,P1,L2,S2,PR5,679,677,7.5,30,12
R2004,2024-05-09,P1,L2,S3,PR5,637,620,7.93,4,7
R2005,2024-05-09,P1,L3,S1,PR5,512,490,7.22,47,11
R2006,2024-05-09,P1,L3,S2,PR4,586,566,7.15,51,14
R2007,2024-05-09,P1,L3,S3,PR3,498,492,7.55,27,15
R2008,2024-05-09,P2,L4,S1,PR4,744,720,7.68,19,8
R2009,2024-05-09,P2,L4,S2,PR1,709,680,7.67,20,18
R2010,2024-05-09,P2,L4,S3,PR2,676,647,7.95,3,13
R2011,2024-05-09,P2,L5,S1,PR5,671,650,7.78,13,14
R2012,2024-05-09,P2,L5,S2,PR1,718,702,7.8,12,7
R2013,2024-05-09,P2,L5,S3,PR4,629,626,7.88,7,11
R2014,2024-05-09,P2,L6,S1,PR5,495,479,7.7,18,12
R2015,2024-05-09,P2,L6,S2,PR5,460,452,7.13,52,10
R2016,2024-05-09,P2,L6,S3,PR2,478,465,7.58,25,5
R2017,2024-05-10,P1,L1,S1,PR2,811,788,7.45,33,15
R2018,2024-05-10,P1,L1,S2,PR4,763,739,7.48,31,26
R2019,2024-05-10,P1,L1,S3,PR1,683,652,7.23,46,11
R2020,2024-05-10,P1,L2,S1,PR5,707,704,7.63,22,19
R2021,2024-05-10,P1,L2,S2,PR5,764,739,7.65,21,25
R2022,2024-05-10,P1,L2,S3,PR2,678,661,7.78,13,8
R2023,2024-05-10,P1,L3,S1,PR3,496,494,7.02,59,9
R2024,2024-05-10,P1,L3,S2,PR3,517,513,7.83,10,16
R2025,2024-05-10,P1,L3,S3,PR3,483,463,7.15,51,9
R2026,2024-05-10,P2,L4,S1,PR5,752,733,8.0,0,23
R2027,2024-05-10,P2,L4,S2,PR5,745,725,7.8,12,19
R2028,2024-05-10,P2,L4,S3,PR1,652,646,7.57,26,9
R2029,2024-05-10,P2,L5,S1,PR4,677,661,7.83,10,20
R2030,2024-05-10,P2,L5,S2,PR1,667,647,7.57,26,9
R2031,2024-05-10,P2,L5,S3,PR5,641,629,7.98,1,12
R2032,2024-05-10,P2,L6,S1,PR1,556,553,7.55,27,15
R2033,2024-05-10,P2,L6,S2,PR2,486,480,7.42,35,16
R2034,2024-05-10,P2,L6,S3,PR1,430,419,7.28,43,15
R2035,2024-05-11,P1,L1,S1,PR1,770,766,7.55,27,28
R2036,2024-05-11,P1,L1,S2,PR3,747,735,7.77,14,26
R2037,2024-05-11,P1,L1,S3,PR3,698,671,7.45,33,15
R2038,2024-05-11,P1,L2,S1,PR5,673,647,7.9,6,12
R2039,2024-05-11,P1,L2,S2,PR2,644,630,7.5,30,14
R2040,2024-05-11,P1,L2,S3,PR3,623,602,7.87,8,19
R2041,2024-05-11,P1,L3,S1,PR3,537,519,7.52,29,16
R2042,2024-05-11,P1,L3,S2,PR3,551,527,7.65,21,7
R2043,2024-05-11,P1,L3,S3,PR3,550,529,7.78,13,6
R2044,2024-05-11,P2,L4,S1,PR3,723,691,7.72,17,24
R2045,2024-05-11,P2,L4,S2,PR1,672,657,7.52,29,16
R2046,2024-05-11,P2,L4,S3,PR4,755,741,7.93,4,12
R2047,2024-05-11,P2,L5,S1,PR2,649,639,7.95,3,6
R2048,2024-05-11,P2,L5,S2,PR3,691,669,7.92,5,13
R2049,2024-05-11,P2,L5,S3,PR1,564,558,7.52,29,9
R2050,2024-05-11,P2,L6,S1,PR1,496,487,7.48,31,16
R2051,2024-05-11,P2,L6,S2,PR1,538,528,7.47,32,10
R2052,2024-05-11,P2,L6,S3,PR5,481,476,7.55,27,8
R2053,2024-05-13,P1,L1,S1,PR5,826,800,7.18,49,15
R2054,2024-05-13,P1,L1,S2,PR1,772,751,7.13,52,25
R2055,2024-05-13,P1,L1,S3,PR4,762,749,7.62,23,27
R2056,2024-05-13,P1,L2,S1,PR4,725,692,7.9,6,11
R2057,2024-05-13,P1,L2,S2,PR2,707,701,7.67,20,15
R2058,2024-05-13,P1,L2,S3,PR5,660,629,7.7,18,14
R2059,2024-05-13,P1,L3,S1,PR5,492,486,7.32,41,5
R2060,2024-05-13,P1,L3,S2,PR5,507,502,7.63,22,11
R2061,2024-05-13,P1,L3,S3,PR4,487,470,7.72,17,5
R2062,2024-05-13,P2,L4,S1,PR5,772,770,7.9,6,26
R2063,2024-05-13,P2,L4,S2,PR4,678,675,7.67,20,13
R2064,2024-05-13,P2,L4,S3,PR3,686,657,7.62,23,17
R2065,2024-05-13,P2,L5,S1,PR1,695,676,7.83,10,26
R2066,2024-05-13,P2,L5,S2,PR2,650,639,7.68,19,7
R2067,2024-05-13,P2,L5,S3,PR3,611,589,7.53,28,7
R2068,2024-05-13,P2,L6,S1,PR5,416,395,7.0,60,9
R2069,2024-05-13,P2,L6,S2,PR2,515,514,7.7,18,9
R2070,2024-05-13,P2,L6,S3,PR3,498,480,7.47,32,7
R2071,2024-05-14,P1,L1,S1,PR4,779,770,7.6,24,28
R2072,2024-05-14,P1,L1,S2,PR5,757,756,7.52,29,12
R2073,2024-05-14,P1,L1,S3,PR5,763,729,7.83,10,26
R2074,2024-05-14,P1,L2,S1,PR5,695,682,7.57,26,10
R2075,2024-05-14,P1,L2,S2,PR5,629,620,7.92,5,14
R2076,2024-05-14,P1,L2,S3,PR5,638,637,7.97,2,7
R2077,2024-05-14,P1,L3,S1,PR4,492,479,7.1,54,9
R2078,2024-05-14,P1,L3,S2,PR2,468,461,7.6,24,16
R2079,2024-05-14,P1,L3,S3,PR3,500,495,7.47,32,9
R2080,2024-05-14,P2,L4,S1,PR5,791,767,7.67,20,14
R2081,2024-05-14,P2,L4,S2,PR2,681,679,7.85,9,13
R2082,2024-05-14,P2,L4,S3,PR4,710,677,7.92,5,17
R2083,2024-05-14,P2,L5,S1,PR5,620,602,7.5,30,20
R2084,2024-05-14,P2,L5,S2,PR1,605,597,7.92,5,13
R2085,2024-05-14,P2,L5,S3,PR3,548,541,7.52,29,6
R2086,2024-05-14,P2,L6,S1,PR3,466,442,7.55,27,14
R2087,2024-05-14,P2,L6,S2,PR4,456,438,7.38,37,16
R2088,2024-05-14,P2,L6,S3,PR2,443,439,7.15,51,13
R2089,2024-05-15,P1,L1,S1,PR5,877,875,7.25,45,34
R2090,2024-05-15,P1,L1,S2,PR5,655,629,7.12,53,21
R2091,2024-05-15,P1,L1,S3,PR4,683,671,7.12,53,14
R2092,2024-05-15,P1,L2,S1,PR5,670,667,7.9,6,8
R2093,2024-05-15,P1,L2,S2,PR5,733,729,7.95,3,10
R2094,2024-05-15,P1,L2,S3,PR5,635,614,7.65,21,17
R2095,2024-05-15,P1,L3,S1,PR5,467,457,7.18,49,5
R2096,2024-05-15,P1,L3,S2,PR3,449,431,7.28,43,16
R2097,2024-05-15,P1,L3,S3,PR1,495,470,7.42,35,9
R2098,2024-05-15,P2,L4,S1,PR3,759,744,7.78,13,13
R2099,2024-05-15,P2,L4,S2,PR5,755,719,7.7,18,26
R2100,2024-05-15,P2,L4,S3,PR2,745,743,7.82,11,9
R2101,2024-05-15,P2,L5,S1,PR3,583,565,7.82,11,8
R2102,2024-05-15,P2,L5,S2,PR5,639,625,7.52,29,24
R2103,2024-05-15,P2,L5,S3,PR3,567,556,7.58,25,11
R2104,2024-05-15,P2,L6,S1,PR3,510,506,7.73,16,11
R2105,2024-05-15,P2,L6,S2,PR5,465,459,7.27,44,8
R2106,2024-05-15,P2,L6,S3,PR5,470,464,7.8,12,7
R2107,2024-05-16,P1,L1,S1,PR4,738,735,7.15,51,27
R2108,2024-05-16,P1,L1,S2,PR2,723,694,7.72,17,14
R2109,2024-05-16,P1,L1,S3,PR5,778,757,7.8,12,28
R2110,2024-05-16,P1,L2,S1,PR4,648,645,7.9,6,13
R2111,2024-05-16,P1,L2,S2,PR5,708,701,7.63,22,7
R2112,2024-05-16,P1,L2,S3,PR5,659,636,7.95,3,14
R2113,2024-05-16,P1,L3,S1,PR2,504,479,7.45,33,14
R2114,2024-05-16,P1,L3,S2,PR5,529,509,7.8,12,5
R2115,2024-05-16,P1,L3,S3,PR3,505,501,7.32,41,12
R2116,2024-05-16,P2,L4,S1,PR4,741,719,7.93,4,28
R2117,2024-05-16,P2,L4,S2,PR3,704,679,7.53,28,10
R2118,2024-05-16,P2,L4,S3,PR1,702,680,8.0,0,25
R2119,2024-05-16,P2,L5,S1,PR3,598,596,7.75,15,6
R2120,2024-05-16,P2,L5,S2,PR4,719,690,7.82,11,18
R2121,2024-05-16,P2,L5,S3,PR2,587,569,7.65,21,16
R2122,2024-05-16,P2,L6,S1,PR4,511,503,7.7,18,14
R2123,2024-05-16,P2,L6,S2,PR1,469,455,7.38,37,6
R2124,2024-05-16,P2,L6,S3,PR1,462,460,7.55,27,11
R2125,2024-05-17,P1,L1,S1,PR1,784,764,7.0,60,14
R2126,2024-05-17,P1,L1,S2,PR3,711,704,7.03,58,25
R2127,2024-05-17,P1,L1,S3,PR2,716,700,7.33,40,23
R2128,2024-05-17,P1,L2,S1,PR2,675,645,7.62,23,10
R2129,2024-05-17,P1,L2,S2,PR4,684,665,7.85,9,6
R2130,2024-05-17,P1,L2,S3,PR4,683,676,7.5,30,14
R2131,2024-05-17,P1,L3,S1,PR2,602,593,7.7,18,22
R2132,2024-05-17,P1,L3,S2,PR5,558,544,7.73,16,11
R2133,2024-05-17,P1,L3,S3,PR4,516,497,7.72,17,6
R2134,2024-05-17,P2,L4,S1,PR4,789,782,7.97,2,16
R2135,2024-05-17,P2,L4,S2,PR2,757,726,8.0,0,20
R2136,2024-05-17,P2,L4,S3,PR2,789,751,7.68,19,16
R2137,2024-05-17,P2,L5,S1,PR2,582,574,7.97,2,19
R2138,2024-05-17,P2,L5,S2,PR3,712,703,7.82,11,7
R2139,2024-05-17,P2,L5,S3,PR4,621,618,7.8,12,21
R2140,2024-05-17,P2,L6,S1,PR4,473,469,7.78,13,8
R2141,2024-05-17,P2,L6,S2,PR3,456,436,7.35,39,4
R2142,2024-05-17,P2,L6,S3,PR5,390,388,7.4,36,6
R2143,2024-05-18,P1,L1,S1,PR3,802,799,7.7,18,21
R2144,2024-05-18,P1,L1,S2,PR5,776,763,7.42,35,28
R2145,2024-05-18,P1,L1,S3,PR1,775,737,7.27,44,11
R2146,2024-05-18,P1,L2,S1,PR5,619,613,7.7,18,20
R2147,2024-05-18,P1,L2,S2,PR2,651,635,7.97,2,6
R2148,2024-05-18,P1,L2,S3,PR3,602,579,7.98,1,9
R2149,2024-05-18,P1,L3,S1,PR1,518,499,7.07,56,7
R2150,2024-05-18,P1,L3,S2,PR2,510,497,7.52,29,17
R2151,2024-05-18,P1,L3,S3,PR1,493,477,7.52,29,15
R2152,2024-05-18,P2,L4,S1,PR4,758,740,7.88,7,25
R2153,2024-05-18,P2,L4,S2,PR2,764,727,7.97,2,28
R2154,2024-05-18,P2,L4,S3,PR4,819,793,7.8,12,11
R2155,2024-05-18,P2,L5,S1,PR5,616,603,7.93,4,16
R2156,2024-05-18,P2,L5,S2,PR4,699,679,7.93,4,23
R2157,2024-05-18,P2,L5,S3,PR5,595,581,7.72,17,17
R2158,2024-05-18,P2,L6,S1,PR2,441,436,7.38,37,9
R2159,2024-05-18,P2,L6,S2,PR4,460,458,7.38,37,9
R2160,2024-05-18,P2,L6,S3,PR5,479,472,7.52,29,5
R2161,2024-05-20,P1,L1,S1,PR5,747,742,7.1,54,19
R2162,2024-05-20,P1,L1,S2,PR1,681,678,7.03,58,16
R2163,2024-05-20,P1,L1,S3,PR4,668,661,7.17,50,11
R2164,2024-05-20,P1,L2,S1,PR3,689,685,7.85,9,25
R2165,2024-05-20,P1,L2,S2,PR5,675,664,7.67,20,22
R2166,2024-05-20,P1,L2,S3,PR1,657,628,7.6,24,17
R2167,2024-05-20,P1,L3,S1,PR4,500,478,7.12,53,7
R2168,2024-05-20,P1,L3,S2,PR4,480,464,7.03,58,10
R2169,2024-05-20,P1,L3,S3,PR2,455,443,7.15,51,6
R2170,2024-05-20,P2,L4,S1,PR3,740,724,7.57,26,21
R2171,2024-05-20,P2,L4,S2,PR2,813,785,7.68,19,25
R2172,2024-05-20,P2,L4,S3,PR3,733,712,7.85,9,17
R2173,2024-05-20,P2,L5,S1,PR3,673,649,7.55,27,8
R2174,2024-05-20,P2,L5,S2,PR4,701,669,7.72,17,25
R2175,2024-05-20,P2,L5,S3,PR2,570,551,7.58,25,15
R2176,2024-05-20,P2,L6,S1,PR3,473,469,7.02,59,5
R2177,2024-05-20,P2,L6,S2,PR5,486,461,7.2,48,7
R2178,2024-05-20,P2,L6,S3,PR5,472,471,7.72,17,13
R2179,2024-05-21,P1,L1,S1,PR2,771,733,7.38,37,12
R2180,2024-05-21,P1,L1,S2,PR2,810,805,7.72,17,18
R2181,2024-05-21,P1,L1,S3,PR1,777,754,7.62,23,11
R2182,2024-05-21,P1,L2,S1,PR2,692,675,7.77,14,25
R2183,2024-05-21,P1,L2,S2,PR3,713,709,7.82,11,9
R2184,2024-05-21,P1,L2,S3,PR2,707,690,7.7,18,25
R2185,2024-05-21,P1,L3,S1,PR3,530,505,7.77,14,9
R2186,2024-05-21,P1,L3,S2,PR3,458,442,7.62,23,16
R2187,2024-05-21,P1,L3,S3,PR3,498,489,7.65,21,7
R2188,2024-05-21,P2,L4,S1,PR2,680,662,7.82,11,21
R2189,2024-05-21,P2,L4,S2,PR5,775,762,7.87,8,10
R2190,2024-05-21,P2,L4,S3,PR4,727,725,7.53,28,10
R2191,2024-05-21,P2,L5,S1,PR3,619,616,7.73,16,19
R2192,2024-05-21,P2,L5,S2,PR2,678,669,7.73,16,11
R2193,2024-05-21,P2,L5,S3,PR4,695,687,7.83,10,9
R2194,2024-05-21,P2,L6,S1,PR2,444,443,7.15,51,16
R2195,2024-05-21,P2,L6,S2,PR1,499,486,7.25,45,11
R2196,2024-05-21,P2,L6,S3,PR5,424,409,7.05,57,11
R2197,2024-05-22,P1,L1,S1,PR3,756,741,7.42,35,22
R2198,2024-05-22,P1,L1,S2,PR1,822,810,7.15,51,9
R2199,2024-05-22,P1,L1,S3,PR4,718,691,7.27,44,11
R2200,2024-05-22,P1,L2,S1,PR3,730,711,7.8,12,26
R2201,2024-05-22,P1,L2,S2,PR3,727,694,7.67,20,16
R2202,2024-05-22,P1,L2,S3,PR2,633,632,7.95,3,20
R2203,2024-05-22,P1,L3,S1,PR2,514,494,7.3,42,11
R2204,2024-05-22,P1,L3,S2,PR4,494,488,7.67,20,16
R2205,2024-05-22,P1,L3,S3,PR3,453,441,7.62,23,12
R2206,2024-05-22,P2,L4,S1,PR3,789,771,7.58,25,18
R2207,2024-05-22,P2,L4,S2,PR4,713,706,7.97,2,18
R2208,2024-05-22,P2,L4,S3,PR5,705,674,7.72,17,22
R2209,2024-05-22,P2,L5,S1,PR5,614,599,7.77,14,8
R2210,2024-05-22,P2,L5,S2,PR4,639,636,7.8,12,9
R2211,2024-05-22,P2,L5,S3,PR5,581,563,7.63,22,19
R2212,2024-05-22,P2,L6,S1,PR3,422,410,7.0,60,6
R2213,2024-05-22,P2,L6,S2,PR2,512,490,7.73,16,13
R2214,2024-05-22,P2,L6,S3,PR3,436,426,7.83,10,13
R2215,2024-05-23,P1,L1,S1,PR3,806,801,7.82,11,31
R2216,2024-05-23,P1,L1,S2,PR3,783,777,7.75,15,10
R2217,2024-05-23,P1,L1,S3,PR4,773,734,7.82,11,17
R2218,2024-05-23,P1,L2,S1,PR4,704,670,7.73,16,17
R2219,2024-05-23,P1,L2,S2,PR5,678,664,7.87,8,23
R2220,2024-05-23,P1,L2,S3,PR4,555,545,7.65,21,12
R2221,2024-05-23,P1,L3,S1,PR3,510,491,7.22,47,5
R2222,2024-05-23,P1,L3,S2,PR4,515,506,7.78,13,18
R2223,2024-05-23,P1,L3,S3,PR5,520,516,7.65,21,19
R2224,2024-05-23,P2,L4,S1,PR2,725,698,7.68,19,25
R2225,2024-05-23,P2,L4,S2,PR4,760,723,7.62,23,8
R2226,2024-05-23,P2,L4,S3,PR1,627,618,7.77,14,14
R2227,2024-05-23,P2,L5,S1,PR4,634,623,7.93,4,6
R2228,2024-05-23,P2,L5,S2,PR5,633,626,7.85,9,7
R2229,2024-05-23,P2,L5,S3,PR3,577,562,7.53,28,11
R2230,2024-05-23,P2,L6,S1,PR3,480,463,7.82,11,18
R2231,2024-05-23,P2,L6,S2,PR4,466,452,7.13,52,16
R2232,2024-05-23,P2,L6,S3,PR2,460,443,7.38,37,5
R2233,2024-05-24,P1,L1,S1,PR1,803,785,7.37,38,9
R2234,2024-05-24,P1,L1,S2,PR5,891,852,7.82,11,24
R2235,2024-05-24,P1,L1,S3,PR1,776,758,7.78,13,14
R2236,2024-05-24,P1,L2,S1,PR5,644,642,7.98,1,22
R2237,2024-05-24,P1,L2,S2,PR1,657,627,7.63,22,15
R2238,2024-05-24,P1,L2,S3,PR4,651,623,7.75,15,24
R2239,2024-05-24,P1,L3,S1,PR5,498,482,7.1,54,14
R2240,2024-05-24,P1,L3,S2,PR1,493,471,7.53,28,10
R2241,2024-05-24,P1,L3,S3,PR1,481,457,7.02,59,17
R2242,2024-05-24,P2,L4,S1,PR2,732,725,7.72,17,13
R2243,2024-05-24,P2,L4,S2,PR2,764,737,7.88,7,15
R2244,2024-05-24,P2,L4,S3,PR5,751,715,7.98,1,28
R2245,2024-05-24,P2,L5,S1,PR3,651,632,7.75,15,24
R2246,2024-05-24,P2,L5,S2,PR4,623,599,7.6,24,15
R2247,2024-05-24,P2,L5,S3,PR2,695,662,7.92,5,10
R2248,2024-05-24,P2,L6,S1,PR4,498,478,7.62,23,15
R2249,2024-05-24,P2,L6,S2,PR2,515,494,7.68,19,17
R2250,2024-05-24,P2,L6,S3,PR2,435,433,7.6,24,11
R2251,2024-05-25,P1,L1,S1,PR4,736,701,7.5,30,12
R2252,2024-05-25,P1,L1,S2,PR1,737,724,7.27,44,18
R2253,2024-05-25,P1,L1,S3,PR3,768,756,7.78,13,18
R2254,2024-05-25,P1,L2,S1,PR3,726,708,7.98,1,12
R2255,2024-05-25,P1,L2,S2,PR5,626,616,7.85,9,23
R2256,2024-05-25,P1,L2,S3,PR2,543,524,7.72,17,5
R2257,2024-05-25,P1,L3,S1,PR3,647,620,7.82,11,20
R2258,2024-05-25,P1,L3,S2,PR3,534,533,7.7,18,20
R2259,2024-05-25,P1,L3,S3,PR5,511,503,7.57,26,11
R2260,2024-05-25,P2,L4,S1,PR2,732,715,7.67,20,25
R2261,2024-05-25,P2,L4,S2,PR2,654,637,7.78,13,17
R2262,2024-05-25,P2,L4,S3,PR2,671,643,7.52,29,23
R2263,2024-05-25,P2,L5,S1,PR5,667,636,7.52,29,17
R2264,2024-05-25,P2,L5,S2,PR5,714,682,7.9,6,8
R2265,2024-05-25,P2,L5,S3,PR3,505,494,7.52,29,6
R2266,2024-05-25,P2,L6,S1,PR1,533,517,7.78,13,7
R2267,2024-05-25,P2,L6,S2,PR2,491,483,7.43,34,9
R2268,2024-05-25,P2,L6,S3,PR4,483,461,7.65,21,18
R2269,2024-05-27,P1,L1,S1,PR5,749,735,7.35,39,7
R2270,2024-05-27,P1,L1,S2,PR3,726,719,7.6,24,18
R2271,2024-05-27,P1,L1,S3,PR2,697,667,7.1,54,24
R2272,2024-05-27,P1,L2,S1,PR5,684,673,7.83,10,11
R2273,2024-05-27,P1,L2,S2,PR4,687,672,7.73,16,14
R2274,2024-05-27,P1,L2,S3,PR2,644,623,7.97,2,10
R2275,2024-05-27,P1,L3,S1,PR3,537,521,7.48,31,12
R2276,2024-05-27,P1,L3,S2,PR5,497,478,7.58,25,16
R2277,2024-05-27,P1,L3,S3,PR5,609,587,7.8,12,9
R2278,2024-05-27,P2,L4,S1,PR3,721,688,7.9,6,21
R2279,2024-05-27,P2,L4,S2,PR4,782,758,7.82,11,17
R2280,2024-05-27,P2,L4,S3,PR5,651,633,7.58,25,13
R2281,2024-05-27,P2,L5,S1,PR4,643,632,7.83,10,18
R2282,2024-05-27,P2,L5,S2,PR3,616,594,7.65,21,14
R2283,2024-05-27,P2,L5,S3,PR3,580,551,7.62,23,20
R2284,2024-05-27,P2,L6,S1,PR1,463,444,7.27,44,7
R2285,2024-05-27,P2,L6,S2,PR3,493,484,7.77,14,5
R2286,2024-05-27,P2,L6,S3,PR3,469,448,7.72,17,13
R2287,2024-05-28,P1,L1,S1,PR3,815,796,7.2,48,14
R2288,2024-05-28,P1,L1,S2,PR2,756,742,7.58,25,10
R2289,2024-05-28,P1,L1,S3,PR1,645,621,7.58,25,17
R2290,2024-05-28,P1,L2,S1,PR4,723,718,7.62,23,28
R2291,2024-05-28,P1,L2,S2,PR3,617,593,7.67,20,10
R2292,2024-05-28,P1,L2,S3,PR5,714,695,7.82,11,14
R2293,2024-05-28,P1,L3,S1,PR4,509,493,7.33,40,10
R2294,2024-05-28,P1,L3,S2,PR4,512,507,7.0,60,14
R2295,2024-05-28,P1,L3,S3,PR2,439,435,7.32,41,4
R2296,2024-05-28,P2,L4,S1,PR1,777,771,7.57,26,19
R2297,2024-05-28,P2,L4,S2,PR3,737,724,7.65,21,7
R2298,2024-05-28,P2,L4,S3,PR3,583,579,7.53,28,13
R2299,2024-05-28,P2,L5,S1,PR3,617,599,7.78,13,14
R2300,2024-05-28,P2,L5,S2,PR3,637,618,7.8,12,18
R2301,2024-05-28,P2,L5,S3,PR4,640,627,7.88,7,21
R2302,2024-05-28,P2,L6,S1,PR1,479,457,7.3,42,10
R2303,2024-05-28,P2,L6,S2,PR4,503,499,7.3,42,6
R2304,2024-05-28,P2,L6,S3,PR5,393,374,7.13,52,13
R2305,2024-05-29,P1,L1,S1,PR3,842,822,7.7,18,28
R2306,2024-05-29,P1,L1,S2,PR5,732,699,7.4,36,9
R2307,2024-05-29,P1,L1,S3,PR4,772,749,7.47,32,14
R2308,2024-05-29,P1,L2,S1,PR4,667,653,7.55,27,24
R2309,2024-05-29,P1,L2,S2,PR4,740,713,7.88,7,12
R2310,2024-05-29,P1,L2,S3,PR4,667,659,7.85,9,7
R2311,2024-05-29,P1,L3,S1,PR1,534,522,7.55,27,16
R2312,2024-05-29,P1,L3,S2,PR1,449,434,7.35,39,12
R2313,2024-05-29,P1,L3,S3,PR2,557,546,7.82,11,9
R2314,2024-05-29,P2,L4,S1,PR1,872,832,8.0,0,11
R2315,2024-05-29,P2,L4,S2,PR2,738,732,7.63,22,22
R2316,2024-05-29,P2,L4,S3,PR5,643,636,7.77,14,13
R2317,2024-05-29,P2,L5,S1,PR1,568,545,7.52,29,6
R2318,2024-05-29,P2,L5,S2,PR1,577,565,7.55,27,22
R2319,2024-05-29,P2,L5,S3,PR1,589,583,7.82,11,18
R2320,2024-05-29,P2,L6,S1,PR1,518,516,7.52,29,11
R2321,2024-05-29,P2,L6,S2,PR3,503,493,7.83,10,11
R2322,2024-05-29,P2,L6,S3,PR2,489,469,7.0,60,11
R2323,2024-05-30,P1,L1,S1,PR2,828,817,7.28,43,24
R2324,2024-05-30,P1,L1,S2,PR3,755,721,7.1,54,22
R2325,2024-05-30,P1,L1,S3,PR2,789,785,7.48,31,9
R2326,2024-05-30,P1,L2,S1,PR5,687,680,7.82,11,7
R2327,2024-05-30,P1,L2,S2,PR3,708,677,7.75,15,21
R2328,2024-05-30,P1,L2,S3,PR5,568,539,7.87,8,8
R2329,2024-05-30,P1,L3,S1,PR1,586,583,7.62,23,18
R2330,2024-05-30,P1,L3,S2,PR5,560,550,7.68,19,12
R2331,2024-05-30,P1,L3,S3,PR5,527,511,7.1,54,16
R2332,2024-05-30,P2,L4,S1,PR1,780,761,7.88,7,9
R2333,2024-05-30,P2,L4,S2,PR4,786,775,7.93,4,28
R2334,2024-05-30,P2,L4,S3,PR3,674,644,7.57,26,25
R2335,2024-05-30,P2,L5,S1,PR2,619,606,7.85,9,22
R2336,2024-05-30,P2,L5,S2,PR5,671,648,7.8,12,19
R2337,2024-05-30,P2,L5,S3,PR5,635,613,7.83,10,10
R2338,2024-05-30,P2,L6,S1,PR2,480,463,7.8,12,7
R2339,2024-05-30,P2,L6,S2,PR4,484,465,7.43,34,10
R2340,2024-05-30,P2,L6,S3,PR3,491,474,7.52,29,15
R2341,2024-05-31,P1,L1,S1,PR5,801,795,7.62,23,21
R2342,2024-05-31,P1,L1,S2,PR1,786,752,7.27,44,23
R2343,2024-05-31,P1,L1,S3,PR5,794,789,7.05,57,18
R2344,2024-05-31,P1,L2,S1,PR3,701,697,7.88,7,22
R2345,2024-05-31,P1,L2,S2,PR4,761,735,7.58,25,29
R2346,2024-05-31,P1,L2,S3,PR4,638,627,7.82,11,7
R2347,2024-05-31,P1,L3,S1,PR2,563,536,7.55,27,5
R2348,2024-05-31,P1,L3,S2,PR3,495,481,7.7,18,9
R2349,2024-05-31,P1,L3,S3,PR5,429,411,7.17,50,12
R2350,2024-05-31,P2,L4,S1,PR5,732,714,7.75,15,11
R2351,2024-05-31,P2,L4,S2,PR2,781,744,7.7,18,10
R2352,2024-05-31,P2,L4,S3,PR5,621,592,7.58,25,20
R2353,2024-05-31,P2,L5,S1,PR4,698,688,7.98,1,20
R2354,2024-05-31,P2,L5,S2,PR1,680,662,7.78,13,19
R2355,2024-05-31,P2,L5,S3,PR5,608,601,7.67,20,15
R2356,2024-05-31,P2,L6,S1,PR1,489,473,7.6,24,8
R2357,2024-05-31,P2,L6,S2,PR5,555,551,7.8,12,11
R2358,2024-05-31,P2,L6,S3,PR1,499,493,7.57,26,13
R2359,2024-06-01,P1,L1,S1,PR3,782,763,7.38,37,20
R2360,2024-06-01,P1,L1,S2,PR5,849,838,7.6,24,32
R2361,2024-06-01,P1,L1,S3,PR2,745,730,7.47,32,17
R2362,2024-06-01,P1,L2,S1,PR1,714,681,7.8,12,22
R2363,2024-06-01,P1,L2,S2,PR3,645,622,7.7,18,21
R2364,2024-06-01,P1,L2,S3,PR5,682,650,7.72,17,23
R2365,2024-06-01,P1,L3,S1,PR5,561,559,7.72,17,16
R2366,2024-06-01,P1,L3,S2,PR5,504,489,7.83,10,15
R2367,2024-06-01,P1,L3,S3,PR3,440,439,7.18,49,14
R2368,2024-06-01,P2,L4,S1,PR2,719,706,7.83,10,14
R2369,2024-06-01,P2,L4,S2,PR3,814,795,7.73,16,28
R2370,2024-06-01,P2,L4,S3,PR3,710,675,7.63,22,14
R2371,2024-06-01,P2,L5,S1,PR3,632,602,7.7,18,23
R2372,2024-06-01,P2,L5,S2,PR5,571,548,7.5,30,20
R2373,2024-06-01,P2,L5,S3,PR4,627,613,7.83,10,23
R2374,2024-06-01,P2,L6,S1,PR2,478,454,7.27,44,14
R2375,2024-06-01,P2,L6,S2,PR1,503,501,7.7,18,13
R2376,2024-06-01,P2,L6,S3,PR4,412,402,7.0,60,5
R2377,2024-06-03,P1,L1,S1,PR3,818,814,7.65,21,13
R2378,2024-06-03,P1,L1,S2,PR2,785,771,7.75,15,9
R2379,2024-06-03,P1,L1,S3,PR4,706,696,7.62,23,13
R2380,2024-06-03,P1,L2,S1,PR2,682,663,7.6,24,18
R2381,2024-06-03,P1,L2,S2,PR3,705,680,7.78,13,20
R2382,2024-06-03,P1,L2,S3,PR4,634,607,8.0,0,18
R2383,2024-06-03,P1,L3,S1,PR5,493,474,7.1,54,15
R2384,2024-06-03,P1,L3,S2,PR3,473,455,7.15,51,16
R2385,2024-06-03,P1,L3,S3,PR3,464,455,7.05,57,5
R2386,2024-06-03,P2,L4,S1,PR2,769,745,7.88,7,23
R2387,2024-06-03,P2,L4,S2,PR2,793,764,7.68,19,16
R2388,2024-06-03,P2,L4,S3,PR1,776,741,7.8,12,23
R2389,2024-06-03,P2,L5,S1,PR1,719,691,7.78,13,13
R2390,2024-06-03,P2,L5,S2,PR3,657,635,7.85,9,6
R2391,2024-06-03,P2,L5,S3,PR4,630,626,7.5,30,15
R2392,2024-06-03,P2,L6,S1,PR3,459,446,7.2,48,4
R2393,2024-06-03,P2,L6,S2,PR4,485,469,7.37,38,17
R2394,2024-06-03,P2,L6,S3,PR3,459,436,7.08,55,11
R2395,2024-06-04,P1,L1,S1,PR2,748,726,7.73,16,21
R2396,2024-06-04,P1,L1,S2,PR1,757,746,7.07,56,7
R2397,2024-06-04,P1,L1,S3,PR5,682,649,7.18,49,8
R2398,2024-06-04,P1,L2,S1,PR2,651,650,7.78,13,12
R2399,2024-06-04,P1,L2,S2,PR2,719,692,7.85,9,7
R2400,2024-06-04,P1,L2,S3,PR5,666,640,7.82,11,7
R2401,2024-06-04,P1,L3,S1,PR4,503,483,7.22,47,12
R2402,2024-06-04,P1,L3,S2,PR4,516,496,7.73,16,18
R2403,2024-06-04,P1,L3,S3,PR4,487,471,7.28,43,10
R2404,2024-06-04,P2,L4,S1,PR3,794,770,7.82,11,24
R2405,2024-06-04,P2,L4,S2,PR2,798,795,7.75,15,15
R2406,2024-06-04,P2,L4,S3,PR5,690,674,7.63,22,8
R2407,2024-06-04,P2,L5,S1,PR5,618,593,7.57,26,21
R2408,2024-06-04,P2,L5,S2,PR4,609,583,7.88,7,13
R2409,2024-06-04,P2,L5,S3,PR4,688,666,7.97,2,24
R2410,2024-06-04,P2,L6,S1,PR4,533,521,7.7,18,12
R2411,2024-06-04,P2,L6,S2,PR1,487,482,7.42,35,13
R2412,2024-06-04,P2,L6,S3,PR4,459,455,7.73,16,11
R2413,2024-06-05,P1,L1,S1,PR5,827,818,7.38,37,15
R2414,2024-06-05,P1,L1,S2,PR2,776,756,7.83,10,17
R2415,2024-06-05,P1,L1,S3,PR5,649,620,7.13,52,9
R2416,2024-06-05,P1,L2,S1,PR2,646,615,7.55,27,9
R2417,2024-06-05,P1,L2,S2,PR5,649,628,7.62,23,6
R2418,2024-06-05,P1,L2,S3,PR2,591,586,7.63,22,6
R2419,2024-06-05,P1,L3,S1,PR1,560,550,7.05,57,11
R2420,2024-06-05,P1,L3,S2,PR5,585,574,7.52,29,6
R2421,2024-06-05,P1,L3,S3,PR2,506,494,7.65,21,18
R2422,2024-06-05,P2,L4,S1,PR3,706,674,7.58,25,23
R2423,2024-06-05,P2,L4,S2,PR4,751,725,7.98,1,15
R2424,2024-06-05,P2,L4,S3,PR1,660,631,7.85,9,15
R2425,2024-06-05,P2,L5,S1,PR3,623,607,7.57,26,21
R2426,2024-06-05,P2,L5,S2,PR1,702,691,7.8,12,17
R2427,2024-06-05,P2,L5,S3,PR2,620,606,7.63,22,10
R2428,2024-06-05,P2,L6,S1,PR4,487,469,7.53,28,15
R2429,2024-06-05,P2,L6,S2,PR5,489,474,7.3,42,11
R2430,2024-06-05,P2,L6,S3,PR1,474,471,7.8,12,10
R2431,2024-06-06,P1,L1,S1,PR5,797,757,7.83,10,13
R2432,2024-06-06,P1,L1,S2,PR4,787,774,7.43,34,10
R2433,2024-06-06,P1,L1,S3,PR1,709,696,7.22,47,21
R2434,2024-06-06,P1,L2,S1,PR2,648,621,7.78,13,7
R2435,2024-06-06,P1,L2,S2,PR5,676,669,7.97,2,22
R2436,2024-06-06,P1,L2,S3,PR5,661,647,7.73,16,13
R2437,2024-06-06,P1,L3,S1,PR4,498,485,7.32,41,13
R2438,2024-06-06,P1,L3,S2,PR1,490,474,7.12,53,11
R2439,2024-06-06,P1,L3,S3,PR3,538,535,7.48,31,7
R2440,2024-06-06,P2,L4,S1,PR3,670,649,7.5,30,9
R2441,2024-06-06,P2,L4,S2,PR5,824,821,7.88,7,15
R2442,2024-06-06,P2,L4,S3,PR3,743,741,7.78,13,8
R2443,2024-06-06,P2,L5,S1,PR1,644,640,7.98,1,16
R2444,2024-06-06,P2,L5,S2,PR4,636,625,7.55,27,21
R2445,2024-06-06,P2,L5,S3,PR4,609,582,7.9,6,13
R2446,2024-06-06,P2,L6,S1,PR1,529,518,7.7,18,5
R2447,2024-06-06,P2,L6,S2,PR4,525,524,7.57,26,15
R2448,2024-06-06,P2,L6,S3,PR3,452,433,7.35,39,16
R2449,2024-06-07,P1,L1,S1,PR5,747,744,7.6,24,24
R2450,2024-06-07,P1,L1,S2,PR1,821,809,7.75,15,25
R2451,2024-06-07,P1,L1,S3,PR3,736,724,7.67,20,12
R2452,2024-06-07,P1,L2,S1,PR3,669,650,7.88,7,21
R2453,2024-06-07,P1,L2,S2,PR3,685,677,7.9,6,23
R2454,2024-06-07,P1,L2,S3,PR1,712,699,7.88,7,11
R2455,2024-06-07,P1,L3,S1,PR4,512,489,7.68,19,8
R2456,2024-06-07,P1,L3,S2,PR3,488,468,7.42,35,11
R2457,2024-06-07,P1,L3,S3,PR2,508,485,7.23,46,18
R2458,2024-06-07,P2,L4,S1,PR2,794,776,7.72,17,16
R2459,2024-06-07,P2,L4,S2,PR5,735,723,7.97,2,8
R2460,2024-06-07,P2,L4,S3,PR5,768,761,8.0,0,17
R2461,2024-06-07,P2,L5,S1,PR1,598,588,7.7,18,19
R2462,2024-06-07,P2,L5,S2,PR3,674,656,7.8,12,18
R2463,2024-06-07,P2,L5,S3,PR5,633,617,7.6,24,21
R2464,2024-06-07,P2,L6,S1,PR3,465,460,7.1,54,10
R2465,2024-06-07,P2,L6,S2,PR4,485,480,7.57,26,8
R2466,2024-06-07,P2,L6,S3,PR2,432,421,7.6,24,14
R2467,2024-06-08,P1,L1,S1,PR5,824,792,7.27,44,10
R2468,2024-06-08,P1,L1,S2,PR3,722,714,7.42,35,9
R2469,2024-06-08,P1,L1,S3,PR4,785,759,7.57,26,29
R2470,2024-06-08,P1,L2,S1,PR2,651,650,7.6,24,11
R2471,2024-06-08,P1,L2,S2,PR5,639,629,7.67,20,6
R2472,2024-06-08,P1,L2,S3,PR2,656,651,7.97,2,9
R2473,2024-06-08,P1,L3,S1,PR3,517,515,7.42,35,15
R2474,2024-06-08,P1,L3,S2,PR1,509,503,7.3,42,11
R2475,2024-06-08,P1,L3,S3,PR3,468,455,7.58,25,12
R2476,2024-06-08,P2,L4,S1,PR1,714,700,7.7,18,12
R2477,2024-06-08,P2,L4,S2,PR3,667,648,7.82,11,17
R2478,2024-06-08,P2,L4,S3,PR2,703,683,7.82,11,15
R2479,2024-06-08,P2,L5,S1,PR2,691,685,7.87,8,11
R2480,2024-06-08,P2,L5,S2,PR2,692,678,7.78,13,18
R2481,2024-06-08,P2,L5,S3,PR4,616,594,7.93,4,8
R2482,2024-06-08,P2,L6,S1,PR3,433,415,7.55,27,5
R2483,2024-06-08,P2,L6,S2,PR1,534,532,7.62,23,16
R2484,2024-06-08,P2,L6,S3,PR2,479,456,7.15,51,16
R2485,2024-06-10,P1,L1,S1,PR4,738,722,7.07,56,28
R2486,2024-06-10,P1,L1,S2,PR3,818,798,7.3,42,29
R2487,2024-06-10,P1,L1,S3,PR4,785,777,7.02,59,30
R2488,2024-06-10,P1,L2,S1,PR2,628,608,7.78,13,6
R2489,2024-06-10,P1,L2,S2,PR1,676,648,7.5,30,16
R2490,2024-06-10,P1,L2,S3,PR1,710,700,7.95,3,23
R2491,2024-06-10,P1,L3,S1,PR3,439,438,7.02,59,13
R2492,2024-06-10,P1,L3,S2,PR3,504,489,7.17,50,9
R2493,2024-06-10,P1,L3,S3,PR4,447,428,7.13,52,11
R2494,2024-06-10,P2,L4,S1,PR4,801,772,7.92,5,22
R2495,2024-06-10,P2,L4,S2,PR2,767,739,7.78,13,7
R2496,2024-06-10,P2,L4,S3,PR4,651,622,7.5,30,23
R2497,2024-06-10,P2,L5,S1,PR3,613,606,7.5,30,17
R2498,2024-06-10,P2,L5,S2,PR1,660,659,7.68,19,13
R2499,2024-06-10,P2,L5,S3,PR4,606,587,7.9,6,22
R2500,2024-06-10,P2,L6,S1,PR4,515,503,7.73,16,9
R2501,2024-06-10,P2,L6,S2,PR4,500,491,7.43,34,10
R2502,2024-06-10,P2,L6,S3,PR2,460,458,7.72,17,4
R2503,2024-06-11,P1,L1,S1,PR2,821,793,7.57,26,13
R2504,2024-06-11,P1,L1,S2,PR5,743,725,7.13,52,25
R2505,2024-06-11,P1,L1,S3,PR5,727,716,7.55,27,15
R2506,2024-06-11,P1,L2,S1,PR3,718,696,7.93,4,23
R2507,2024-06-11,P1,L2,S2,PR1,643,622,7.58,25,12
R2508,2024-06-11,P1,L2,S3,PR4,547,521,7.83,10,15
R2509,2024-06-11,P1,L3,S1,PR5,490,485,7.55,27,16
R2510,2024-06-11,P1,L3,S2,PR5,488,475,7.05,57,9
R2511,2024-06-11,P1,L3,S3,PR3,454,436,7.47,32,13
R2512,2024-06-11,P2,L4,S1,PR5,780,742,7.67,20,9
R2513,2024-06-11,P2,L4,S2,PR2,714,686,7.72,17,26
R2514,2024-06-11,P2,L4,S3,PR4,699,682,7.88,7,14
R2515,2024-06-11,P2,L5,S1,PR4,655,633,7.97,2,10
R2516,2024-06-11,P2,L5,S2,PR4,674,653,7.65,21,12
R2517,2024-06-11,P2,L5,S3,PR1,555,543,7.58,25,6
R2518,2024-06-11,P2,L6,S1,PR4,528,506,7.58,25,11
R2519,2024-06-11,P2,L6,S2,PR3,498,489,7.63,22,8
R2520,2024-06-11,P2,L6,S3,PR1,486,464,7.55,27,5
R2521,2024-06-12,P1,L1,S1,PR4,740,709,7.37,38,23
R2522,2024-06-12,P1,L1,S2,PR2,771,733,7.52,29,19
R2523,2024-06-12,P1,L1,S3,PR5,702,686,7.0,60,13
R2524,2024-06-12,P1,L2,S1,PR4,585,564,7.7,18,18
R2525,2024-06-12,P1,L2,S2,PR1,669,638,7.72,17,23
R2526,2024-06-12,P1,L2,S3,PR4,640,619,7.58,25,16
R2527,2024-06-12,P1,L3,S1,PR3,484,474,7.25,45,12
R2528,2024-06-12,P1,L3,S2,PR4,500,480,7.25,45,11
R2529,2024-06-12,P1,L3,S3,PR4,496,473,7.3,42,12
R2530,2024-06-12,P2,L4,S1,PR4,813,800,7.82,11,27
R2531,2024-06-12,P2,L4,S2,PR1,715,704,7.85,9,21
R2532,2024-06-12,P2,L4,S3,PR3,730,694,7.82,11,15
R2533,2024-06-12,P2,L5,S1,PR2,705,677,7.88,7,18
R2534,2024-06-12,P2,L5,S2,PR2,618,615,7.95,3,20
R2535,2024-06-12,P2,L5,S3,PR1,636,612,7.58,25,24
R2536,2024-06-12,P2,L6,S1,PR5,467,457,7.18,49,15
R2537,2024-06-12,P2,L6,S2,PR4,474,464,7.73,16,14
R2538,2024-06-12,P2,L6,S3,PR4,526,508,7.78,13,6
R2539,2024-06-13,P1,L1,S1,PR5,770,751,7.23,46,24
R2540,2024-06-13,P1,L1,S2,PR4,716,698,7.07,56,15
R2541,2024-06-13,P1,L1,S3,PR2,715,691,7.33,40,27
R2542,2024-06-13,P1,L2,S1,PR1,661,656,7.55,27,13
R2543,2024-06-13,P1,L2,S2,PR1,720,699,7.7,18,7
R2544,2024-06-13,P1,L2,S3,PR3,644,614,7.63,22,15
R2545,2024-06-13,P1,L3,S1,PR4,569,558,7.83,10,16
R2546,2024-06-13,P1,L3,S2,PR4,536,509,7.43,34,17
R2547,2024-06-13,P1,L3,S3,PR1,448,441,7.05,57,7
R2548,2024-06-13,P2,L4,S1,PR1,796,757,7.87,8,12
R2549,2024-06-13,P2,L4,S2,PR5,732,710,7.8,12,17
R2550,2024-06-13,P2,L4,S3,PR5,681,663,7.95,3,12
R2551,2024-06-13,P2,L5,S1,PR1,663,642,7.9,6,12
R2552,2024-06-13,P2,L5,S2,PR1,646,641,7.9,6,20
R2553,2024-06-13,P2,L5,S3,PR4,626,598,7.95,3,18
R2554,2024-06-13,P2,L6,S1,PR1,540,518,7.68,19,12
R2555,2024-06-13,P2,L6,S2,PR2,502,495,7.67,20,14
R2556,2024-06-13,P2,L6,S3,PR2,510,504,7.68,19,11
R2557,2024-06-14,P1,L1,S1,PR3,818,815,7.83,10,20
R2558,2024-06-14,P1,L1,S2,PR3,835,812,7.3,42,27
R2559,2024-06-14,P1,L1,S3,PR4,755,724,7.48,31,17
R2560,2024-06-14,P1,L2,S1,PR5,744,742,7.88,7,24
R2561,2024-06-14,P1,L2,S2,PR3,740,733,7.5,30,8
R2562,2024-06-14,P1,L2,S3,PR5,622,617,7.72,17,16
R2563,2024-06-14,P1,L3,S1,PR3,517,498,7.62,23,12
R2564,2024-06-14,P1,L3,S2,PR4,473,450,7.13,52,6
R2565,2024-06-14,P1,L3,S3,PR2,489,470,7.5,30,11
R2566,2024-06-14,P2,L4,S1,PR5,759,740,7.73,16,24
R2567,2024-06-14,P2,L4,S2,PR1,804,788,7.68,19,10
R2568,2024-06-14,P2,L4,S3,PR5,717,686,7.98,1,15
R2569,2024-06-14,P2,L5,S1,PR4,702,687,7.75,15,14
R2570,2024-06-14,P2,L5,S2,PR1,639,612,7.93,4,10
R2571,2024-06-14,P2,L5,S3,PR2,551,537,7.83,10,8
R2572,2024-06-14,P2,L6,S1,PR3,545,535,7.52,29,19
R2573,2024-06-14,P2,L6,S2,PR2,479,478,7.28,43,9
R2574,2024-06-14,P2,L6,S3,PR5,437,428,7.83,10,5
R2575,2024-06-15,P1,L1,S1,PR4,746,744,7.4,36,23
R2576,2024-06-15,P1,L1,S2,PR2,815,806,7.63,22,25
R2577,2024-06-15,P1,L1,S3,PR4,719,713,7.8,12,27
R2578,2024-06-15,P1,L2,S1,PR3,783,763,7.92,5,28
R2579,2024-06-15,P1,L2,S2,PR4,722,702,7.73,16,11
R2580,2024-06-15,P1,L2,S3,PR2,719,683,7.58,25,11
R2581,2024-06-15,P1,L3,S1,PR5,433,421,7.12,53,16
R2582,2024-06-15,P1,L3,S2,PR3,545,527,7.67,20,12
R2583,2024-06-15,P1,L3,S3,PR3,520,513,7.67,20,7
R2584,2024-06-15,P2,L4,S1,PR5,810,792,7.73,16,13
R2585,2024-06-15,P2,L4,S2,PR1,711,679,7.52,29,26
R2586,2024-06-15,P2,L4,S3,PR1,685,661,7.87,8,9
R2587,2024-06-15,P2,L5,S1,PR2,683,651,8.0,0,23
R2588,2024-06-15,P2,L5,S2,PR4,609,607,7.88,7,10
R2589,2024-06-15,P2,L5,S3,PR3,611,600,7.95,3,13
R2590,2024-06-15,P2,L6,S1,PR4,514,495,7.82,11,8
R2591,2024-06-15,P2,L6,S2,PR4,447,428,7.18,49,13
R2592,2024-06-15,P2,L6,S3,PR2,497,486,7.22,47,17
R2593,2024-06-17,P1,L1,S1,PR5,751,738,7.02,59,9
R2594,2024-06-17,P1,L1,S2,PR2,809,796,7.82,11,18
R2595,2024-06-17,P1,L1,S3,PR3,660,658,7.18,49,13
R2596,2024-06-17,P1,L2,S1,PR4,725,723,7.58,25,26
R2597,2024-06-17,P1,L2,S2,PR3,721,720,7.83,10,12
R2598,2024-06-17,P1,L2,S3,PR2,612,594,7.67,20,15
R2599,2024-06-17,P1,L3,S1,PR3,486,472,7.2,48,7
R2600,2024-06-17,P1,L3,S2,PR1,504,500,7.57,26,15
R2601,2024-06-17,P1,L3,S3,PR5,495,486,7.35,39,18
R2602,2024-06-17,P2,L4,S1,PR1,720,684,7.73,16,11
R2603,2024-06-17,P2,L4,S2,PR1,812,775,7.97,2,19
R2604,2024-06-17,P2,L4,S3,PR5,718,690,7.52,29,10
R2605,2024-06-17,P2,L5,S1,PR5,621,604,7.57,26,23
R2606,2024-06-17,P2,L5,S2,PR5,677,649,7.98,1,25
R2607,2024-06-17,P2,L5,S3,PR5,616,590,7.82,11,11
R2608,2024-06-17,P2,L6,S1,PR4,511,496,7.68,19,9
R2609,2024-06-17,P2,L6,S2,PR2,481,456,7.1,54,12
R2610,2024-06-17,P2,L6,S3,PR2,452,450,7.58,25,8
R2611,2024-06-18,P1,L1,S1,PR1,811,799,7.47,32,24
R2612,2024-06-18,P1,L1,S2,PR4,730,705,7.37,38,12
R2613,2024-06-18,P1,L1,S3,PR3,782,760,7.33,40,17
R2614,2024-06-18,P1,L2,S1,PR3,683,654,7.83,10,14
R2615,2024-06-18,P1,L2,S2,PR5,658,639,7.67,20,21
R2616,2024-06-18,P1,L2,S3,PR5,665,654,8.0,0,19
R2617,2024-06-18,P1,L3,S1,PR4,565,552,7.43,34,10
R2618,2024-06-18,P1,L3,S2,PR3,547,523,7.65,21,19
R2619,2024-06-18,P1,L3,S3,PR5,504,493,7.15,51,14
R2620,2024-06-18,P2,L4,S1,PR2,751,743,7.8,12,22
R2621,2024-06-18,P2,L4,S2,PR5,767,759,7.78,13,16
R2622,2024-06-18,P2,L4,S3,PR4,581,563,7.5,30,7
R2623,2024-06-18,P2,L5,S1,PR1,617,598,7.85,9,18
R2624,2024-06-18,P2,L5,S2,PR5,736,701,8.0,0,19
R2625,2024-06-18,P2,L5,S3,PR3,650,623,7.95,3,23
R2626,2024-06-18,P2,L6,S1,PR1,478,469,7.05,57,17
R2627,2024-06-18,P2,L6,S2,PR5,545,542,7.08,55,20
R2628,2024-06-18,P2,L6,S3,PR4,425,413,7.28,43,7
R2629,2024-06-19,P1,L1,S1,PR2,716,690,7.45,33,12
R2630,2024-06-19,P1,L1,S2,PR3,681,676,7.05,57,8
R2631,2024-06-19,P1,L1,S3,PR2,671,649,7.15,51,7
R2632,2024-06-19,P1,L2,S1,PR1,696,670,7.68,19,22
R2633,2024-06-19,P1,L2,S2,PR4,654,636,7.55,27,15
R2634,2024-06-19,P1,L2,S3,PR3,654,649,7.72,17,21
R2635,2024-06-19,P1,L3,S1,PR4,579,574,7.37,38,5
R2636,2024-06-19,P1,L3,S2,PR4,550,533,7.75,15,19
R2637,2024-06-19,P1,L3,S3,PR5,493,481,7.3,42,9
R2638,2024-06-19,P2,L4,S1,PR5,826,806,7.8,12,23
R2639,2024-06-19,P2,L4,S2,PR3,818,812,7.73,16,11
R2640,2024-06-19,P2,L4,S3,PR4,667,648,7.6,24,14
R2641,2024-06-19,P2,L5,S1,PR5,611,600,7.8,12,21
R2642,2024-06-19,P2,L5,S2,PR2,686,666,7.85,9,24
R2643,2024-06-19,P2,L5,S3,PR1,635,603,7.52,29,16
R2644,2024-06-19,P2,L6,S1,PR5,517,498,7.83,10,17
R2645,2024-06-19,P2,L6,S2,PR3,491,483,7.05,57,8
R2646,2024-06-19,P2,L6,S3,PR3,424,403,7.32,41,8
R2647,2024-06-20,P1,L1,S1,PR5,835,826,7.53,28,19
R2648,2024-06-20,P1,L1,S2,PR4,739,724,7.25,45,20
R2649,2024-06-20,P1,L1,S3,PR1,740,713,7.57,26,12
R2650,2024-06-20,P1,L2,S1,PR1,720,703,7.65,21,16
R2651,2024-06-20,P1,L2,S2,PR3,644,634,7.7,18,10
R2652,2024-06-20,P1,L2,S3,PR5,617,592,7.5,30,13
R2653,2024-06-20,P1,L3,S1,PR4,537,520,7.45,33,12
R2654,2024-06-20,P1,L3,S2,PR3,460,449,7.12,53,7
R2655,2024-06-20,P1,L3,S3,PR2,432,411,7.38,37,10
R2656,2024-06-20,P2,L4,S1,PR1,675,659,7.62,23,17
R2657,2024-06-20,P2,L4,S2,PR1,708,681,7.7,18,23
R2658,2024-06-20,P2,L4,S3,PR4,712,710,7.55,27,9
R2659,2024-06-20,P2,L5,S1,PR2,573,546,7.5,30,10
R2660,2024-06-20,P2,L5,S2,PR5,640,612,7.67,20,19
R2661,2024-06-20,P2,L5,S3,PR2,550,522,7.5,30,17
R2662,2024-06-20,P2,L6,S1,PR5,504,483,7.6,24,13
R2663,2024-06-20,P2,L6,S2,PR5,494,477,7.12,53,6
R2664,2024-06-20,P2,L6,S3,PR3,425,408,7.65,21,6
R2665,2024-06-21,P1,L1,S1,PR3,827,796,7.08,55,8
R2666,2024-06-21,P1,L1,S2,PR5,765,746,7.62,23,21
R2667,2024-06-21,P1,L1,S3,PR4,784,763,7.83,10,20
R2668,2024-06-21,P1,L2,S1,PR1,689,686,7.63,22,23
R2669,2024-06-21,P1,L2,S2,PR1,656,631,7.97,2,15
R2670,2024-06-21,P1,L2,S3,PR5,619,611,7.82,11,15
R2671,2024-06-21,P1,L3,S1,PR1,497,492,7.0,60,9
R2672,2024-06-21,P1,L3,S2,PR2,490,481,7.08,55,10
R2673,2024-06-21,P1,L3,S3,PR1,575,571,7.77,14,14
R2674,2024-06-21,P2,L4,S1,PR4,748,722,7.62,23,23
R2675,2024-06-21,P2,L4,S2,PR3,723,718,7.7,18,22
R2676,2024-06-21,P2,L4,S3,PR5,635,616,7.57,26,10
R2677,2024-06-21,P2,L5,S1,PR2,597,572,7.73,16,18
R2678,2024-06-21,P2,L5,S2,PR4,624,600,7.87,8,14
R2679,2024-06-21,P2,L5,S3,PR5,604,585,7.58,25,7
R2680,2024-06-21,P2,L6,S1,PR3,499,476,7.58,25,13
R2681,2024-06-21,P2,L6,S2,PR5,449,436,7.43,34,5
R2682,2024-06-21,P2,L6,S3,PR2,522,509,7.57,26,12
R2683,2024-06-22,P1,L1,S1,PR5,686,660,7.0,60,10
R2684,2024-06-22,P1,L1,S2,PR4,839,837,7.75,15,29
R2685,2024-06-22,P1,L1,S3,PR3,690,662,7.25,45,16
R2686,2024-06-22,P1,L2,S1,PR5,639,607,7.77,14,18
R2687,2024-06-22,P1,L2,S2,PR3,741,710,8.0,0,24
R2688,2024-06-22,P1,L2,S3,PR2,657,650,7.9,6,8
R2689,2024-06-22,P1,L3,S1,PR2,501,482,7.63,22,8
R2690,2024-06-22,P1,L3,S2,PR1,508,496,7.37,38,11
R2691,2024-06-22,P1,L3,S3,PR3,457,437,7.18,49,15
R2692,2024-06-22,P2,L4,S1,PR5,811,782,7.87,8,23
R2693,2024-06-22,P2,L4,S2,PR3,694,676,7.65,21,21
R2694,2024-06-22,P2,L4,S3,PR1,795,758,7.55,27,22
R2695,2024-06-22,P2,L5,S1,PR5,672,653,7.85,9,14
R2696,2024-06-22,P2,L5,S2,PR5,632,604,7.88,7,15
R2697,2024-06-22,P2,L5,S3,PR3,626,618,7.98,1,10
R2698,2024-06-22,P2,L6,S1,PR4,465,452,7.52,29,17
R2699,2024-06-22,P2,L6,S2,PR4,542,526,7.83,10,17
R2700,2024-06-22,P2,L6,S3,PR4,483,459,7.55,27,6
R2701,2024-06-24,P1,L1,S1,PR3,745,739,7.23,46,15
R2702,2024-06-24,P1,L1,S2,PR4,686,674,7.02,59,21
R2703,2024-06-24,P1,L1,S3,PR1,636,622,7.17,50,12
R2704,2024-06-24,P1,L2,S1,PR2,713,680,7.63,22,27
R2705,2024-06-24,P1,L2,S2,PR4,662,650,7.68,19,12
R2706,2024-06-24,P1,L2,S3,PR3,677,656,7.83,10,11
R2707,2024-06-24,P1,L3,S1,PR2,489,482,7.37,38,12
R2708,2024-06-24,P1,L3,S2,PR5,475,473,7.5,30,5
R2709,2024-06-24,P1,L3,S3,PR5,598,595,7.77,14,6
R2710,2024-06-24,P2,L4,S1,PR1,742,726,7.63,22,25
R2711,2024-06-24,P2,L4,S2,PR3,773,735,7.77,14,23
R2712,2024-06-24,P2,L4,S3,PR2,687,684,7.68,19,20
R2713,2024-06-24,P2,L5,S1,PR4,636,633,7.87,8,15
R2714,2024-06-24,P2,L5,S2,PR4,627,596,7.53,28,18
R2715,2024-06-24,P2,L5,S3,PR3,587,563,7.97,2,6
R2716,2024-06-24,P2,L6,S1,PR4,484,473,7.37,38,13
R2717,2024-06-24,P2,L6,S2,PR2,512,508,7.22,47,14
R2718,2024-06-24,P2,L6,S3,PR1,466,442,7.48,31,13
R2719,2024-06-25,P1,L1,S1,PR1,835,820,7.27,44,16
R2720,2024-06-25,P1,L1,S2,PR5,693,690,7.38,37,9
R2721,2024-06-25,P1,L1,S3,PR3,685,663,7.0,60,10
R2722,2024-06-25,P1,L2,S1,PR1,643,629,7.6,24,14
R2723,2024-06-25,P1,L2,S2,PR4,672,665,7.65,21,20
R2724,2024-06-25,P1,L2,S3,PR3,638,629,7.72,17,19
R2725,2024-06-25,P1,L3,S1,PR3,477,459,7.03,58,16
R2726,2024-06-25,P1,L3,S2,PR3,502,501,7.27,44,12
R2727,2024-06-25,P1,L3,S3,PR3,500,476,7.2,48,18
R2728,2024-06-25,P2,L4,S1,PR3,696,673,8.0,0,25
R2729,2024-06-25,P2,L4,S2,PR3,790,774,7.85,9,22
R2730,2024-06-25,P2,L4,S3,PR2,755,741,7.9,6,21
R2731,2024-06-25,P2,L5,S1,PR1,668,659,7.87,8,21
R2732,2024-06-25,P2,L5,S2,PR2,653,648,7.8,12,10
R2733,2024-06-25,P2,L5,S3,PR1,625,609,7.95,3,21
R2734,2024-06-25,P2,L6,S1,PR2,485,471,7.73,16,12
R2735,2024-06-25,P2,L6,S2,PR2,454,445,7.12,53,15
R2736,2024-06-25,P2,L6,S3,PR2,462,442,7.42,35,12
R2737,2024-06-26,P1,L1,S1,PR2,772,738,7.83,10,29
R2738,2024-06-26,P1,L1,S2,PR4,781,757,7.27,44,12
R2739,2024-06-26,P1,L1,S3,PR2,725,710,7.07,56,20
R2740,2024-06-26,P1,L2,S1,PR1,635,606,7.65,21,22
R2741,2024-06-26,P1,L2,S2,PR2,623,606,7.78,13,13
R2742,2024-06-26,P1,L2,S3,PR2,596,591,7.62,23,22
R2743,2024-06-26,P1,L3,S1,PR5,560,553,7.63,22,20
R2744,2024-06-26,P1,L3,S2,PR1,527,507,7.67,20,13
R2745,2024-06-26,P1,L3,S3,PR4,494,469,7.1,54,12
R2746,2024-06-26,P2,L4,S1,PR4,743,718,7.93,4,14
R2747,2024-06-26,P2,L4,S2,PR5,794,778,7.78,13,27
R2748,2024-06-26,P2,L4,S3,PR2,738,710,7.9,6,18
R2749,2024-06-26,P2,L5,S1,PR3,628,614,7.63,22,18
R2750,2024-06-26,P2,L5,S2,PR1,634,621,7.6,24,19
R2751,2024-06-26,P2,L5,S3,PR5,573,547,7.6,24,15
R2752,2024-06-26,P2,L6,S1,PR1,482,464,7.27,44,5
R2753,2024-06-26,P2,L6,S2,PR4,564,545,7.83,10,17
R2754,2024-06-26,P2,L6,S3,PR1,421,413,7.75,15,8
R2755,2024-06-27,P1,L1,S1,PR3,834,818,7.58,25,21
R2756,2024-06-27,P1,L1,S2,PR3,867,824,7.67,20,25
R2757,2024-06-27,P1,L1,S3,PR3,732,725,7.12,53,20
R2758,2024-06-27,P1,L2,S1,PR3,658,633,7.55,27,10
R2759,2024-06-27,P1,L2,S2,PR4,684,659,7.92,5,16
R2760,2024-06-27,P1,L2,S3,PR1,554,530,7.65,21,20
R2761,2024-06-27,P1,L3,S1,PR3,550,542,7.8,12,12
R2762,2024-06-27,P1,L3,S2,PR3,576,565,7.8,12,11
R2763,2024-06-27,P1,L3,S3,PR4,507,494,7.35,39,13
R2764,2024-06-27,P2,L4,S1,PR5,690,665,7.9,6,13
R2765,2024-06-27,P2,L4,S2,PR1,756,722,7.92,5,24
R2766,2024-06-27,P2,L4,S3,PR5,681,648,7.52,29,19
R2767,2024-06-27,P2,L5,S1,PR5,688,670,7.95,3,12
R2768,2024-06-27,P2,L5,S2,PR1,645,629,7.9,6,13
R2769,2024-06-27,P2,L5,S3,PR4,562,561,7.58,25,12
R2770,2024-06-27,P2,L6,S1,PR5,521,504,7.83,10,15
R2771,2024-06-27,P2,L6,S2,PR3,502,488,7.18,49,15
R2772,2024-06-27,P2,L6,S3,PR2,465,444,7.68,19,15
R2773,2024-06-28,P1,L1,S1,PR3,718,687,7.15,51,13
R2774,2024-06-28,P1,L1,S2,PR4,859,857,7.83,10,15
R2775,2024-06-28,P1,L1,S3,PR3,728,706,7.53,28,19
R2776,2024-06-28,P1,L2,S1,PR5,665,663,7.58,25,16
R2777,2024-06-28,P1,L2,S2,PR3,688,655,7.73,16,12
R2778,2024-06-28,P1,L2,S3,PR2,677,662,7.57,26,25
R2779,2024-06-28,P1,L3,S1,PR1,520,499,7.57,26,8
R2780,2024-06-28,P1,L3,S2,PR3,566,563,7.82,11,20
R2781,2024-06-28,P1,L3,S3,PR1,462,450,7.2,48,10
R2782,2024-06-28,P2,L4,S1,PR5,830,799,7.97,2,20
R2783,2024-06-28,P2,L4,S2,PR4,763,740,7.75,15,18
R2784,2024-06-28,P2,L4,S3,PR1,713,690,7.6,24,22
R2785,2024-06-28,P2,L5,S1,PR5,651,641,7.5,30,10
R2786,2024-06-28,P2,L5,S2,PR3,691,668,7.93,4,16
R2787,2024-06-28,P2,L5,S3,PR2,635,613,7.53,28,8
R2788,2024-06-28,P2,L6,S1,PR3,491,476,7.78,13,18
R2789,2024-06-28,P2,L6,S2,PR1,486,472,7.15,51,5
R2790,2024-06-28,P2,L6,S3,PR3,408,397,7.13,52,12
R2791,2024-06-29,P1,L1,S1,PR5,870,839,7.77,14,10
R2792,2024-06-29,P1,L1,S2,PR5,740,737,7.0,60,15
R2793,2024-06-29,P1,L1,S3,PR1,765,739,7.1,54,23
R2794,2024-06-29,P1,L2,S1,PR2,700,669,7.8,12,12
R2795,2024-06-29,P1,L2,S2,PR3,686,659,7.67,20,20
R2796,2024-06-29,P1,L2,S3,PR4,629,627,7.75,15,16
R2797,2024-06-29,P1,L3,S1,PR1,444,429,7.15,51,10
R2798,2024-06-29,P1,L3,S2,PR1,617,604,7.83,10,23
R2799,2024-06-29,P1,L3,S3,PR5,462,454,7.0,60,16
R2800,2024-06-29,P2,L4,S1,PR1,789,765,7.72,17,29
R2801,2024-06-29,P2,L4,S2,PR3,820,808,7.7,18,31
R2802,2024-06-29,P2,L4,S3,PR1,650,625,7.82,11,20
R2803,2024-06-29,P2,L5,S1,PR2,601,594,7.98,1,15
R2804,2024-06-29,P2,L5,S2,PR2,655,643,7.77,14,12
R2805,2024-06-29,P2,L5,S3,PR3,702,681,7.8,12,10
R2806,2024-06-29,P2,L6,S1,PR4,455,454,7.05,57,11
R2807,2024-06-29,P2,L6,S2,PR2,475,459,7.45,33,10
R2808,2024-06-29,P2,L6,S3,PR5,520,504,7.65,21,13
